Additional formulation (Across multiple indications),32,Source_Page,Source_Table,#,Name of Medicine,Dose-form,Strength / Size,LOU,Potential_Appendix
Additional indications (Across different formulations and strengths),35.0,18,0,,,,,,True
Additional strengths / size,67.0,18,0,,,,,,True
"Additions - (Includes FDCs but excludes additional formulation, indication, strength/size)",179.0,18,0,,,,,,True
Amendments (Includes changes in footnotes and descriptions and merged items),113.0,18,0,,,,,,False
Change in LOU,60.0,18,0,,,,,,False
Deletions - (Includes deletions from subsections),68.0,18,0,,,,,,True
Reclassification,16.0,18,0,,,,,,False
Title / subtitle change including new subtitles / titles / categories,22.0,18,0,,,,,,False
Net increase from 2019,264.0,18,0,,,,,,False
,,19,0,"1 ANAESTHETICS, PRE- & INTRA-OPERATIVE MEDICINES and MEDICAL GASE",,,,,False
,,19,0,1.1 General Anaesthetics,,,,,False
,,19,0,1.1.1 Inhalational medicines,,,,,False
,,19,0,1.1.1.1,Halothane,Inhalation,250mL,4.0,False
,,19,0,1.1.1.2,Isoflurane,Inhalation,250mL,4.0,False
,,19,0,1.1.1.3,Sevoflurane2,Inhalation,250mL,5.0,False
,,19,0,1.1.2 Injectable medicines,,,,,False
,,19,0,1.1.2.1,Dexmedetomidine3,Injection,200 micrograms/2mL,5.0,False
,,19,0,1.1.2.2,Etomidate4,Injection,2mg/mL (10mL Vial),6.0,False
,,19,0,1.1.2.3,Fentanyl5,Injection,50micrograms/mL (2mL Ampoule),4.0,False
,,19,0,1.1.2.4,Ketamine,Injection,50mg (as HCL)/mL (10mL vial),4.0,False
,,19,0,1.1.2.5,Midazolam6,Injection,1mg (as HCl)/mL (5mL amp),4.0,False
,,19,0,1.1.2.6,Propofol7,Injection,10mg/mL (20mL vial),4.0,False
,,19,0,1.1.2.7,Remifentanyl8,PFI,2mg/2mL,5.0,False
,,19,0,1.1.2.8,Thiopental sodium9,PFI,500mg vial,4.0,False
,,19,0,"1.2 Local Anaesthetics For spinal, epidural, caudal or IV regional anaesthesia, use preservative-free injections.",,,,,False
,,19,0,1.2.1,Bupivacaine,Injection,0.5% (as HCl) (10mL vial),4.0,False
,,19,0,1.2.2,Bupivacaine + Glucose10,Injection,0.5% (as HCl) (5mg/mL) + glucose 8% (80mg/mL) (4mL amp),4.0,False
,,20,0,1.2.3,Lignocaine11,Injection,2% (as HCl) (30mL vial),2.0,False
,,20,0,,,Topical spray,2% (as HCl),2.0,False
,,20,0,,,,4% (as HCl),2.0,False
,,20,0,,,,10% (as HCl),2.0,False
,,20,0,1.2.4,Lignocaine + Epinephrine (Adrenaline),Dental cartridge,"2% + 1:80,000 (1.8mL cartridge)",3.0,False
,,20,0,,,Injection12,"2% (HCl or sulphate) + 1:200,000 in vial",3.0,False
,,20,0,1.3 Pre-and Intra-Operative Medication and Sedation for Short-Term Procedures and Adjuncts for Spinal and Epidural Anaesthesia,,,,,False
,,20,0,1.3.1,Dantrolene13,Injection,20mg,4.0,False
,,20,0,1.3.2,Dexmedetomidine14,Injection,200 micrograms (2mL),5.0,False
,,20,0,1.3.3,Ephedrine15,Injection,30mg,4.0,False
,,20,0,1.3.4,Epinephrine (adrenaline)16,Injection,1mg /1mL amp17,4.0,False
,,20,0,1.3.5,Fentanyl18,Injection (preservative-free),50 micrograms (as citrate)/mL (2mL amp),4.0,False
,,20,0,1.3.6,Ketamine19,Injection,50mg (as HCl)/mL (10mL vial),4.0,False
,,20,0,1.3.7,Midazolam20,Injection,1mg (as HCl)/mL (5mL amp),4.0,False
,,20,0,,,,5mg (as HCl)/mL (3mL amp)21,4.0,False
,,20,0,1.3.8,Morphine,Injection,10mg (as HCl or sulphate) /1mL amp,4.0,False
,,20,0,10mg/mL (1mL Ampoule) Preservative free22,5,,,,False
,,21,0,1.3.9,Ondansetron23,Injection,2mg/mL (2mL Ampoule),4.0,False
,,21,0,1.3.10,Phenylephrine24,Injection,10mg/mL Hydrochloride 1mL,5.0,False
,,21,0,1.3.11,Propofol25,Injection,10mg/mL (20mL vial),4.0,False
,,21,0,1.3.12,Remifentanyl,PFI,2mg/2mL,5.0,False
,,21,0,1.4 Medical gases,,,,,False
,,21,0,1.4.1,Medical air,Inhalation (medical gas),,4.0,False
,,21,0,1.4.2,Nitrous oxide,Inhalation (medical gas),,4.0,False
,,21,0,1.4.3,Oxygen26,Inhalation (medical gas),,2.0,False
,,21,0,"2 MUSCLE RELAXANTS (PERIPHERALLY ACTING), CHOLINESTERASE INHIBITORS and ANTICHOLINERGICS",,,,,False
,,21,0,2.1 Muscle relaxants,,,,,False
,,21,0,2.1.1,Atracurium,Injection,10mg (as besilate)/mL (5mL amp),4.0,False
,,21,0,2.1.2,Cisatracurium,Injection,2mg (as besilate)/mL (10mL amp),4.0,False
,,21,0,2.1.3,Rocuronium,Injection,"10mg/mL (as bromide), 5mL vial",5.0,False
,,21,0,2.1.4,Suxamethonium27,Injection,50mg (as chloride)/mL (2mL amp),4.0,False
,,21,0,2.1.5,Vecuronium,PFI,10mg (as bromide) vial [c],6.0,False
,,22,0,2.2 Cholinesterase Inhibitors,,,,,False
,,22,0,2.2.1,Neostigmine,Injection,2.5mg (as metasulphate)/1mL amp,4.0,False
,,22,0,2.2.2,Pyridostigmine,Tablet,60mg (as bromide),5.0,False
,,22,0,,,Injection,"5mg/mL, 2mL, Ampoule",6.0,False
,,22,0,,,Oral Solution,"60mg/5mL, 240mL",6.0,False
,,22,0,2.3 Anticholinergics,,,,,False
,,22,0,2.3.1,Atropine,Injection,1mg (as sulphate)/1mL amp,4.0,False
,,22,0,2.3.2,Glycopyrronium28,Injection,200 micrograms (as bromide)/mL,4.0,False
,,22,0,3 MEDICINES for PAIN and PALLIATIVE CARE,,,,,False
,,22,0,3.1 Non-Opioids and Non-Steroidal Anti-Inflammatory Medicines (NSAIMs) Use NSAIMs with caution in patients with renal disease and cardiac conditions.,,,,,False
,,22,0,3.1.1,Acetylsalicylic acid (Aspirin),Tablet,300mg,2.0,False
,,22,0,3.1.2,Celecoxib29,Tablet,200mg,4.0,False
,,22,0,3.1.3,Dexketoprofen,Tablet30,25mg,4.0,False
,,22,0,,,Injection31,25mg/mL (2mL amp),5.0,False
,,22,0,3.1.4,Ibuprofen,Oral liquid,100mg/5mL [c] 32,2.0,False
,,22,0,,,Tablet,200mg,2.0,False
,,22,0,3.1.5,Ketorolac33,Injection (IM/IV),30mg/mL,2.0,False
,,23,0,3.1.6,Paracetamol,Injection (for IV infusion)34,10mg/mL (100mL vial),4.0,False
,,23,0,,Oral liquid,120mg/5mL [c],1,,False
,,23,0,,Suppository,125mg [c],2,,False
,,23,0,,Tablet (scored),500mg,1,,False
,,23,0,3.2 Opioid analgesics,,,,,False
,,23,0,3.2.1,Dihydrocodeine phosphate35,Tablet,30mg,4.0,False
,,23,0,3.2.2,Fentanyl,Transdermal patch,25 micrograms/hr36,5.0,False
,,23,0,,,50 micrograms/hr37,5,,False
,,23,0,3.2.3,Methadone38,Tablet39,5mg,4.0,False
,,23,0,,Oral Solution39,1mg/mL,4,,False
,,23,0,3.2.4,Morphine40,Injection,10mg (as HCl or sulphate)/1mL amp,4.0,False
,,23,0,,Injection (for Infusion)41,30mg/mL,4,,False
,,23,0,,Oral liquid,1mg (as HCl or sulphate)/ mL,3,,False
,,23,0,,Oral liquid,10mg (as HCl or sulphate)/ mL,3,,False
,,23,0,,Tablet (m/r),30mg (sulphate),4,,False
,,23,0,3.2.5,Oxycodone42,Tablet (i/r),5mg (as HCI),6.0,False
,,23,0,3.2.6,Tramadol43,Capsule,50mg,5.0,False
,,23,0,Injection,50mg/mL (2mL amp),5,,,False
,,24,0,3.3 Adjuncts for pain Management and Medicines for other Symptoms in Palliative Care,,,,,False
,,24,0,3.3.1,Amitriptyline,Tablet,25mg,2.0,False
,,24,0,3.3.2,Bisacodyl,Tablet,5mg,2.0,False
,,24,0,3.3.3,Carbamazepine44,Tablet (scored),200mg,4.0,False
,,24,0,3.3.4,Dexamethasone,Injection,4mg (as sodium phosphate)/1mL amp,3.0,False
,,24,0,,,Tablet,500 micrograms,3.0,False
,,24,0,,,Tablet (scored),4mg,3.0,False
,,24,0,3.3.5,Diazepam,Injection,5mg/mL (2mL amp),4.0,False
,,24,0,,,Tablet (scored),5mg,4.0,False
,,24,0,3.3.6,Gabapentin45,Tablet,300mg,4.0,False
,,24,0,3.3.7,Haloperidol46,Injection,5mg/1mL amp,3.0,False
,,24,0,,,Tablet (scored),5mg,3.0,False
,,24,0,3.3.8,Hyoscine butylbromide,Injection,20mg/1mL amp,3.0,False
,,24,0,,,Tablet47,10mg,3.0,False
,,24,0,3.3.9,Lactulose,Oral liquid,3.1-3.7g/5mL,4.0,False
,,24,0,3.3.10,Loperamide,Capsule,2mg,3.0,False
,,24,0,3.3.11,Metoclopramide48,Injection,5mg/mL (2mL amp),4.0,False
,,24,0,,,Tablet,10mg,2.0,False
,,24,0,3.3.12,Midazolam49,Injection,1mg (as HCl)/mL (5mL amp),5.0,False
,,25,0,3.3.13,Ondansetron,Injection50,2mg (as HCl)/mL (2mL amp),2.0,False
,,25,0,,,Oral liquid51,4mg base/5mL [c],2.0,False
,,25,0,,,Tablet52,4mg (as HCl),2.0,False
,,25,0,3.3.14,Prednisolone,Oral liquid,15mg/5mL [c],4.0,False
,,25,0,,,Tablet,5mg,4.0,False
,,25,0,3.3.15,Pregabalin53,Capsule,25mg,5.0,False
,,25,0,,,,75mg,5.0,False
,,25,0,3.3.16,Senna54,Tablet,7.5mg,4.0,False
,,25,0,4 ANTIALLERGICS and MEDICINES used in ANAPHYLAXIS,,,,,False
,,25,0,4.1,Cetirizine,Tablet,10mg,2.0,False
,,25,0,,,Oral liquid,1mg/mL,2.0,False
,,25,0,4.2,Chlorpheniramine,Injection55,10mg (as maleate)/1mL amp,2.0,False
,,25,0,,,Oral liquid56,2mg (as maleate)/5mL,2.0,False
,,25,0,4.3,Dexamethasone,Injection,4mg (as sodium phosphate)/1mL amp,4.0,False
,,25,0,4.4,Diphenhydramine57,Injection,50mg/mL,4.0,False
,,25,0,4.5,Epinephrine (adrenaline)58,Injection,1mg /1mL amp,2.0,False
,,25,0,4.6,Hydrocortisone,PFI,100mg (as sod. succinate) vial,2.0,False
,,25,0,4.7,Loratadine,Tablet,10mg,2.0,False
,,26,0,4.8,Prednisolone,Oral liquid,15mg/5mL [c],4.0,False
,,26,0,,,Tablet,5mg,4.0,False
,,26,0,5 ANTIDOTES and OTHER SUBSTANCES used in POISONINGS,,,,,False
,,26,0,5.1 Non-specific,,,,,False
,,26,0,5.1.1,Activated Charcoal,PFOL,50g,2.0,False
,,26,0,5.2 Specific,,,,,False
,,26,0,5.2.1,Acetylcysteine,Injection,200mg/mL (10mL amp59),4.0,False
,,26,0,5.2.2,Atropine,Injection,1mg (as sulphate)/1mL amp,2.0,False
,,26,0,5.2.3,Calcium folinate60,Injection,10mg/mL (5mL vial),4.0,False
,,26,0,5.2.4,Calcium gluconate61,Injection,100mg/mL in 10mL amp,3.0,False
,,26,0,5.2.5,Deferasirox62,Tablet,100mg,4.0,False
,,26,0,,,,400mg,4.0,False
,,26,0,5.2.6,Deferoxamine63,PFI,500mg (as mesilate) vial,4.0,False
,,26,0,5.2.7,Ethanol,Injection64,100% (10mL amp),4.0,False
,,26,0,,,Oral liquid (Medicinal)65,95-96%,4.0,False
,,26,0,5.2.8,Fomepizole66,Injection,5mg (as sulphate)/mL (20mL amp),5.0,False
,,26,0,5.2.9,Flumazenil67,Injection,100 micrograms/mL (5mL amp),4.0,False
,,27,0,5.2.10,Lipid emulsion68,Injection,20% (200 to 500mL),4.0,False
,,27,0,5.2.11,Naloxone69,Injection,400 micrograms (as HCl)/1mL amp,4.0,False
,,27,0,5.2.12,Phytomenadione (Vit K1)70,Injection,10mg/mL (1mL amp),4.0,False
,,27,0,5.2.13,Pralidoxime71,PFI,1g (as chloride or mesilate) vial,4.0,False
,,27,0,5.2.14,Protamine72,Injection,10mg/mL (as sulphate) (5mL amp),4.0,False
,,27,0,5.2.15,Sodium hydrogen carbonate (Sodium bicarbonate)73,Injectable solution,8.4% (10mL amp),4.0,False
,,27,0,5.2.16,Sodium nitrite74,Injection,30mg/mL (10mL amp),4.0,False
,,27,0,5.2.17,Sodium thiosulphate75,Injection,250mg/mL (50mL amp),4.0,False
,,27,0,5.2.18,Succimer [Dimercaptosuccinic acid (DMSA)]76,Capsule,100mg,5.0,False
,,27,0,6 ANTICONVULSANTS/ANTIEPILEPTICS,,,,,False
,,27,0,6.1,Acetazolamide,Tablet,250mg,5.0,False
,,27,0,,,500mg,5,,False
,,27,0,6.2,Carbamazepine,Oral liquid,100mg/5mL,4.0,False
,,27,0,,Tablet (cross-scored),200mg,4,,False
,,27,0,6.3,Clobazam,Tablet,10mg (scored),4.0,False
,,27,0,6.4,Clonazepam,Tablet,0.5mg,4.0,False
,,27,0,,,2mg,4,,False
,,27,0,6.5,Diazepam77,Rectal gel,5mg/mL (0.5mL tube),2.0,False
,,28,0,6.6,Gabapentin,Tablet,300mg,4.0,False
,,28,0,,,,100mg,4.0,False
,,28,0,6.7,Lamotrigine78,Tablet,25mg,4.0,False
,,28,0,,,,100mg,4.0,False
,,28,0,,,"Tablet, (chewable, dispersible)",5mg,4.0,False
,,28,0,,,,25mg,4.0,False
,,28,0,6.8,Levetiracetam,Injection (IV)79,500mg,5.0,False
,,28,0,,,Oral Solution,100mg/mL,5.0,False
,,28,0,,,Tablet (scored)80,500mg,4.0,False
,,28,0,6.9,Lorazepam81,Injection,4mg/1mL amp,2.0,False
,,28,0,6.10,Magnesium sulphate82,Injection,"500mg/mL (50%), (10mL amp/vial)",2.0,False
,,28,0,6.1,Midazolam,Injection,1mg (as HCl)/mL (5mL amp)83,4.0,False
,,28,0,,,,5mg (as HCl)/mL (3mL amp84,4.0,False
,,28,0,,,Oromucosal solution85,5mg/mL,4.0,False
,,28,0,,,,10mg/mL,4.0,False
,,28,0,6.12,Oxcarbazepine,SODF,150mg,4.0,False
,,28,0,300mg,4,,,,False
,,29,0,6.13,Phenobarbital (Phenobarbitone) sodium,Injection,30mg/1mL amp [c]86,2.0,False
,,29,0,,,,200mg/1mL amp,2.0,False
,,29,0,,,Tablet (scored),30mg,2.0,False
,,29,0,6.14,Phenytoin sodium,Injection,50mg/mL (5mL vial),4.0,False
,,29,0,,,Oral liquid,30mg/5mL,4.0,False
,,29,0,,,Tablet / Capsule,50mg,4.0,False
,,29,0,,,,100mg,4.0,False
,,29,0,6.15,Pregabalin,Capsule,25mg,4.0,False
,,29,0,,,,75mg,4.0,False
,,29,0,6.16,Topiramate,Tablet,25mg,5.0,False
,,29,0,,,,50mg,5.0,False
,,29,0,6.17,Valproic acid (Sodium Valproate),Injection87,100mg/mL (4mL amp),4.0,False
,,29,0,,,,100mg/ mL (10mL amp),4.0,False
,,29,0,,,Oral liquid,200mg/5mL,4.0,False
,,29,0,,,Tablet (e/c),200mg,4.0,False
,,29,0,,,,500mg,4.0,False
,,29,0,,,Tablet (crushable),100mg,4.0,False
,,29,0,7 ANTI-INFECTIVE MEDICINES,,,,,False
,,29,0,7.1 Anthelminthics,,,,,False
,,29,0,7.1.1 Intestinal Anthelminthics,,,,,False
,,29,0,7.1.1.1,Albendazole,Tablet (chewable)88,400mg,1.0,False
,,29,0,Suspension89,100mg/5mL,1,,,False
,,30,0,7.1.1.2,Mebendazole90,"Tablet (chewable, dispersible)",500mg,1.0,False
,,30,0,7.1.1.3,Praziquantel,Tablet (scored),600mg,1.0,False
,,30,0,7.1.2 Antifilarials Management of lymphatic filariasis to be done with triple therapy regimen comprising Albendazole + Diethylcarbamazine dihydrogen citrate + Ivermectin,,,,,False
,,30,0,7.1.2.1,Albendazole,Tablet (chewable),400mg,1.0,False
,,30,0,,,Suspension91,100 mg/5 mL,1.0,False
,,30,0,7.1.2.2,Diethylcarbamazine (DEC),Tablet (scored),100mg (as dihydrogen citrate),1.0,False
,,30,0,7.1.2.3,Ivermectin,Tablet (scored),3mg,1.0,False
,,30,0,7.2 Antibacterials,,,,,False
,,30,0,7.2.1 Access Group Antibiotics,,,,,False
,,30,0,7.2.1.1,Amikacin92,Injection,50mg (as sulphate)/mL in 2ml vial [c],4.0,False
,,30,0,,,,250mg (as sulphate)/mL in 2ml vial,4.0,False
,,30,0,7.2.1.2,Amoxicillin93,"Tablet (dispersible, scored)",250mg,2.0,False
,,30,0,PFOL,125mg/5mL ((as trihydrate),2,,,False
,,30,0,,250mg/5mL ((as trihydrate),2,,,False
,,30,0,Capsule,500mg,2,,,False
,,31,0,7.2.1.3,Amoxicillin + clavulanic acid94,PFOL,200mg (as trihydrate) + 28mg (as potassium salt) / 5mL,4.0,False
,,31,0,,,125mg (as trihydrate) + 31.25mg (as potassium salt)/5mL,4,,False
,,31,0,,,250 mg (as trihydrate) + 62.5 mg (as potassium salt)/5mL,4,,False
,,31,0,,"Tablet (dispersible, scored)","250mg + 62.5mg (i.e., 312.5 mg)",4,,False
,,31,0,,Tablet,"875mg + 125mg (i.e., 1g)",4,,False
,,31,0,,PFI95,"500mg + 100mg (i.e., 600mg)",4,,False
,,31,0,,,"1g + 200mg (i.e., 1.2gm)",4,,False
,,31,0,7.2.1.4,Ampicillin96,PFI,500mg vial,4.0,False
,,31,0,7.2.1.5,Benzathine benzylpenicillin97,PFI,900mg (1.2MU) vial,2.0,False
,,31,0,7.2.1.6,Benzylpenicillin98,PFI,600mg (1MU) (as sodium or potassium salt) vial,2.0,False
,,31,0,,,3g (5MU) (as sodium or potassium salt) vial,4,,False
,,31,0,7.2.1.7,Cefalexin99,PFOL,125mg/5mL,2.0,False
,,31,0,,Capsule,250mg,2,,False
,,31,0,7.2.1.8,Cefazolin100,PFI,500mg (as sodium salt) in vial,4.0,False
,,31,0,1g (as sodium salt) in vial,4,,,,False
,,32,0,7.2.1.9,Doxycycline101,Tablet / Capsule,100mg (as hyclate),2.0,False
,,32,0,7.2.1.10,Flucloxacillin,Capsule102,250mg (as sodium salt),2.0,False
,,32,0,,,500mg (as sodium salt),2,,False
,,32,0,,PFOL102,125mg (as sodium salt)/5mL,2,,False
,,32,0,,PFI103,500mg (as sodium salt) vial,4,,False
,,32,0,7.2.1.11,Gentamicin104,Injection,10mg/mL (as sulphate) (2mL vial),3.0,False
,,32,0,,,40mg/mL (as sulphate) (2mL vial),3,,False
,,32,0,7.2.1.12,Metronidazole,Injection105,5mg/mL (100mL vial),4.0,False
,,32,0,,Oral liquid106,200mg/5mL (as benzoate),2,,False
,,32,0,,"Tablet (f/c, scored)",400mg,2,,False
,,32,0,7.2.1.13,Nitrofurantoin107,Oral liquid,25mg/5mL [c],2.0,False
,,32,0,,Tablet,100mg,2,,False
,,32,0,7.2.1.14,Phenoxymethylpenicillin (Penicillin V)108,PFOL,250mg (as potassium salt) /5mL,3.0,False
,,32,0,,Tablet,250mg (as potassium salt),3,,False
,,32,0,7.2.1.15,Tinidazole109,Tablet (f/c),500mg,2.0,False
,,33,0,7.2.2 Watch Group antibiotics,,,,,False
,,33,0,7.2.2.1,Azithromycin110,Tablet (scored),500mg (anhydrous),2.0,False
,,33,0,,PFOL,200mg/5mL,2,,False
,,33,0,7.2.2.2,Cefixime111,Tablet,400mg (as trihydrate),2.0,False
,,33,0,7.2.2.3,Cefotaxime112,Powder for Injection,500mg,4.0,False
,,33,0,,,1gm,4,,False
,,33,0,7.2.2.4,Ceftazidime113,PFI,250mg (as pentahydrate) vial,4.0,False
,,33,0,,,1g (as pentahydrate) vial,4,,False
,,33,0,7.2.2.5,Ceftriaxone,Injection (IM/IV),250mg (as sodium salt) [c]114,4.0,False
,,33,0,,,1g (as sodium salt)115,4,,False
,,33,0,7.2.2.6,Cefuroxime,PFI116,750mg,4.0,False
,,33,0,7.2.2.7,Ciprofloxacin,Tablet (scored)117,500mg (as HCl),4.0,False
,,33,0,Injection118,400mg,5,,,False
,,34,0,7.2.2.8,Clarithromycin119,Tablet (scored),500mg,4.0,False
,,34,0,7.2.2.9,Clindamycin120,Capsule,150mg (as HCl),4.0,False
,,34,0,,,Injection121,150mg (as phosphate)/mL (2mL vial),4.0,False
,,34,0,,,Oral liquid,75mg (as palmitate) /5mL [c],4.0,False
,,34,0,7.2.2.10,Cotrimoxazole (Sulfamethoxazole + Trimethoprim),Injection122,"80mg + 16mg (i.e., 96mg)/ mL (5mL amp)",4.0,False
,,34,0,,,Oral liquid123,"200mg +40mg (i.e., 240mg) /5mL [c]",2.0,False
,,34,0,,,Tablet (scored)123,"800 + 160mg (i.e., 960mg)",2.0,False
,,34,0,7.2.2.11,Erythromycin124,Tablet,250mg,3.0,False
,,34,0,,,,500mg,3.0,False
,,34,0,7.2.2.12,Piperacillin + Tazobactam125,PFI,4g (as sodium salt) + 500mg (as sodium salt),5.0,False
,,34,0,7.2.3 Reserve group antibiotics,,,,,False
,,34,0,7.2.3.1,Ceftazidime + avibactam126,PFI,2000mg+500mg,5.0,False
,,34,0,7.2.3.2,Colistin127,PFI,1MU (as colistemethate sodium) vial,5.0,False
,,34,0,7.2.3.3,Fosfomycin,Granules for oral suspension128,3g sachet,5.0,False
,,34,0,PFI129,3g (as sodium) vial,5,,,False
,,35,0,7.2.3.4,Linezolid130,Injection (IV),2mg/mL in 300mL bag,5.0,False
,,35,0,,,Tablet,600mg,5.0,False
,,35,0,7.2.3.5,Meropenem131,PFI,500mg (as trihydrate),5.0,False
,,35,0,7.2.3.6,Polymyxin B132,PFI,"500,000 IU vial",5.0,False
,,35,0,7.2.3.7,Teicoplanin133,Injection,200mg,5.0,False
,,35,0,7.2.3.8,Tigecycline134,PFI,50mg vial,5.0,False
,,35,0,7.2.3.9,Vancomycin135,PFI,500mg vial (as HCl),5.0,False
,,35,0,"7.2.4 Antileprosy medicines These Anti-leprosy medicines to be used only in combination, never individually, to prevent emergence of drug resistance.",,,,,False
,,35,0,7.2.4.1,Clofazamine,Capsule,50mg,4.0,False
,,35,0,,,,100mg,4.0,False
,,35,0,7.2.4.2,Dapsone,Tablet,100mg,4.0,False
,,35,0,,,,25mg,4.0,False
,,35,0,7.2.4.3,Rifampicin (R),Tablet / Capsule,150mg,4.0,False
,,35,0,300mg,4,,,,False
,,35,0,7.2.5 Antituberculosis medicines Antituberculosis treatment must always be with FDCs +/- additional relevant individual drugs.,,,,,True
,,36,0,7.2.5.1 Single medicines,,,,,False
,,36,0,7.2.5.1.1,Ethambutol (E),"Tablet, (dispersible)",100mg,2.0,False
,,36,0,,,Tablet,400mg,2.0,False
,,36,0,7.2.5.1.2,Isoniazid (H),Tablet,50mg (scored),2.0,False
,,36,0,,,,100mg,2.0,False
,,36,0,,,,300mg,2.0,False
,,36,0,,,Injection,100mg/mL,4.0,False
,,36,0,7.2.5.1.3,Pyrazinamide (Z),Tablet,500mg,2.0,False
,,36,0,,,,150mg (scored),2.0,False
,,36,0,,,"Tablet, (dispersible)",150mg,2.0,False
,,36,0,7.2.5.1.4,Rifampicin (R),Capsule,150mg,2.0,False
,,36,0,,,,300mg,2.0,False
,,36,0,,,PFI,600mg,4.0,False
,,36,0,7.2.5.2 Fixed dose combinations (FDCs),,,,,False
,,36,0,7.2.5.2.1,Rifampicin + Isoniazid (RH),Tablet,150mg + 75mg,2.0,False
,,36,0,,,,75mg + 50mg [c],2.0,False
,,36,0,7.2.5.2.2,Rifampicin + Isoniazid + Pyrazinamide (RHZ),Tablet,75mg + 50mg + 150mg [c],2.0,False
,,36,0,7.2.5.2.3,Rifampicin + Isoniazid + Pyrazinamide + Ethambutol (RHZE),Tablet,150mg + 75mg + 400mg + 275mg,2.0,False
,,36,0,7.2.5.2.4,Rifapentine + Isoniazid (3HP),Tablet,300mg+300mg,5.0,False
,,36,0,7.2.5.3 Medicines for treatment of multi-drug resistant Tuberculosis (MDR-TB) Medicines for the treatment of multidrug-resistant tuberculosis (MDR-TB) should be used in specialized centres adhering to WHO standards for TB control.,,,,,False
,,36,0,7.2.5.3.1,Amikacin (Am),Injection,1g (as sulphate) vial,3.0,False
,,36,0,7.2.5.3.2,Amoxicillin + clavulanic acid (Amx+Clv),Tablet,875mg + 125mg (1g),3.0,False
,,36,0,7.2.5.3.3,Bedaquiline (Bdq),Tablet,100mg,3.0,False
,,37,0,7.2.5.3.4,Clofazimine (Cfx),Capsule,50mg,3.0,False
,,37,0,,,,100mg,3.0,False
,,37,0,7.2.5.3.5,Cycloserine (Cs),Tablet,125mg [c],3.0,False
,,37,0,,,,250mg,3.0,False
,,37,0,7.2.5.3.6,Delamanid (Dlm),Tablet,50mg,3.0,False
,,37,0,7.2.5.3.7,Imipenem + Cilastatin,PFI,250mg + 250mg vial,3.0,False
,,37,0,,,,500mg + 500mg vial,3.0,False
,,37,0,7.2.5.3.8,Levofloxacin (Lfx),Tablet (dispersible),100mg [c],3.0,False
,,37,0,,,Tablet,250mg,3.0,False
,,37,0,,,,500mg (scored),3.0,False
,,37,0,,,,750mg,3.0,False
,,37,0,7.2.5.3.9,Linezolid (Lzd),Tablet (dispersible),150mg [c],3.0,False
,,37,0,,,Tablet,600mg,3.0,False
,,37,0,7.2.5.3.10,Moxifloxacin (Mfx),Tablet (dispersible),100mg [c],3.0,False
,,37,0,,,Tablet,400mg,3.0,False
,,37,0,7.2.5.3.11,p-aminosalicylic acid (PAS),Granules,4g sachet,3.0,False
,,37,0,7.2.5.3.12,Prothionamide (Pto),Tablet,250mg,3.0,False
,,37,0,7.2.5.3.13,Terizidone (Trd),Tablet,300mg,3.0,False
,,37,0,7.2.5.3.14,Pretomanid136,Tablet,200mg,3.0,False
,,37,0,7.3 Antifungal Medicines,,,,,False
,,37,0,7.3.1,Amphotericin B137,PFI,50mg (as sodium deoxycholate) vial,4.0,False
,,37,0,,,Injection,(Liposomal) 50mg vial,4.0,False
,,37,0,7.3.2,Clotrimazole138,Vaginal Tablet,500mg,2.0,False
,,38,0,7.3.3,Fluconazole,Tablet / Capsule,150mg139,2.0,False
,,38,0,,,200mg,4,,False
,,38,0,,Injection140,2mg/mL (100mL bottle),4,,False
,,38,0,,Oral liquid,50mg/5mL,4,,False
,,38,0,7.3.4,Flucytosine141,Capsule,250mg,4.0,False
,,38,0,,Injection,2.5g/250mL,4,,False
,,38,0,7.3.5,Griseofulvin142,Tablet,125mg,2.0,False
,,38,0,,,500mg,2,,False
,,38,0,7.3.6,Itraconazole143,Capsule,100mg,5.0,False
,,38,0,7.3.7,Nystatin,Oral liquid (suspension),"100,000 IU/mL [c]",2.0,False
,,38,0,7.3.8,Posaconazole144,Tablet (Delayed Release),100mg,6.0,False
,,38,0,,Injection,18mg/mL (300mg/16.7mL),6,,False
,,38,0,7.3.9,Terbinafine,Tablet,125mg,4.0,False
,,38,0,,,250mg,4,,False
,,38,0,7.3.10,Voriconazole145,Tablet,200mg,5.0,False
,,38,0,PFI,200mg vial,5,,,False
,,39,0,7.4 Antiviral Medicines,,,,,False
,,39,0,7.4.1 Antiherpes medicines,,,,,False
,,39,0,7.4.1.1,Acyclovir146,PFI,250mg vial (as sodium salt),4.0,False
,,39,0,,,Tablet (scored),400mg,2.0,False
,,39,0,7.4.2 Antiretrovirals Essential medicines for treatment and prevention of HIV (prevention of mother-to-child transmission and post-exposure prophylaxis). Use of fixed dose combination (FDC) medicines for Antiretroviral therapy (ART) is recommended.,,,,,False
,,39,0,7.4.2.1 Nucleoside/Nucleotide Reverse Transcriptase Inhibitors (NRTI),,,,,False
,,39,0,7.4.2.1.1,Abacavir (ABC)147,Tablet,300mg,2.0,False
,,39,0,,,Oral Solution,20 mg/mL,2.0,False
,,39,0,7.4.2.1.2,Lamivudine (3TC),Oral liquid,50mg/5mL,2.0,False
,,39,0,7.4.2.1.3,Tenofovir Alafenamide (TAF),Tablet,25mg,2.0,False
,,39,0,7.4.2.1.4,Tenofovir disoproxil fumarate (TDF)148,Tablet,300mg,2.0,False
,,39,0,7.4.2.1.5,Zidovudine (AZT or ZDV),Oral liquid,50mg/5mL,2.0,False
,,39,0,,,Tablet,300mg,2.0,False
,,39,0,7.4.2.2 Non-nucleoside Reverse Transcriptase Inhibitors (NNRTI),,,,,False
,,39,0,7.4.2.2.1,Dapivirine,Vaginal ring,25mg,2.0,False
,,39,0,7.4.2.2.2,Etravirine (ETV),Tablet,25mg,3.0,False
,,39,0,,,,100mg,3.0,False
,,39,0,,,,200mg,3.0,False
,,39,0,7.4.2.2.3,Nevirapine (NVP),Oral liquid,10mg/mL,2.0,False
,,39,0,7.4.2.3 Protease Inhibitors (PI),,,,,False
,,39,0,7.4.2.3.1,Atazanavir + Ritonavir (ATV/r),Tablet (heat-stable),300mg + 100mg,2.0,False
,,40,0,7.4.2.3.2,Darunavir (DRV)149,Tablet,75mg,3.0,False
,,40,0,,,150mg,3,,False
,,40,0,,,600mg (f/c),3,,False
,,40,0,,Oral liquid,10mg/mL (200mL),3,,False
,,40,0,7.4.2.3.3,Darunavir + Ritonavir (DRV+r),Tablet,600mg + 100mg,3.0,False
,,40,0,,,800mg + 100mg,3,,False
,,40,0,7.4.2.3.4,Lopinavir + ritonavir (LPV+r),Tablet (heat-stable),100mg + 25mg,2.0,False
,,40,0,,,200mg + 50mg,2,,False
,,40,0,,Granules (In Sachet)150,40mg +10mg,2,,False
,,40,0,7.4.2.3.5,Ritonavir (RTV),Tablet (heat-stable),100mg,2.0,False
,,40,0,,Oral powder,100mg sachet [c],2,,False
,,40,0,7.4.2.4 Integrase Inhibitors (PI),,,,,False
,,40,0,7.4.2.4.1,Cabotegravir151,"Injection (Long acting), Single- dose vial",600mg/3mL,2.0,False
,,40,0,7.4.2.4.2,Dolutegravir (DTG)152,Tablet,50mg,2.0,False
,,40,0,,,10mg,2,,False
,,40,0,,Tablet (dispersible),10mg,2,,False
,,40,0,7.4.2.5 Fixed Dose Combinations (FDCs),,,,,False
,,40,0,7.4.2.5.1,Abacavir + lamivudine (ABC+3TC),"Tablet, (dispersible, scored)",120mg (as sulphate) + 60mg,2.0,False
,,40,0,,Tablet,600mg (as sulphate) + 300mg,2,,False
,,40,0,7.4.2.5.2,Tenofovir disoproxil fumarate + Emtricitabine (TDF+FTC)153,Tablet,300mg + 200mg,2.0,False
,,41,0,7.4.2.5.3,Tenofovir disoproxil fumarate + Lamivudine (TDF+3TC),Tablet,300mg + 300mg,2.0,False
,,41,0,7.4.2.5.4,Tenofovir Alafenamide + Lamivudine + Dolutegravir (TAF+3TC+DTG),Tablet,25mg + 300mg + 50mg,2.0,False
,,41,0,7.4.2.5.5,Tenofovir disoproxil fumarate + Lamivudine + Dolutegravir (TDF+3TC+DTG)154,Tablet,300mg + 300mg + 50mg,2.0,False
,,41,0,7.4.2.5.6,Tenofovir disoproxil fumarate + Lamivudine + Efavirenz (TDF+3TC+EFV),Tablet,300mg + 300mg + 400mg,2.0,False
,,41,0,7.4.2.5.7,Zidovudine + Lamivudine (AZT+3TC),Tablet,300mg + 150mg,2.0,False
,,41,0,7.4.2.6 Medicines for prevention of HIV-related opportunistic infections,,,,,False
,,41,0,7.4.2.6.1,Co-trimoxazole (Sulfamethoxazole + Trimethoprim)155,Oral liquid,240mg/5mL [c],2.0,False
,,41,0,,,Tablet,800 + 160mg,2.0,False
,,41,0,7.4.2.6.2,Dapsone156,Tablet,25mg,2.0,False
,,41,0,,,,100mg,2.0,False
,,41,0,7.4.3 Other Antivirals,,,,,False
,,41,0,7.4.3.1,Gancyclovir157,PFI,500mg vial,5.0,False
,,41,0,7.4.3.2,Ribavirin,Injection (IV)158,800mg in 10mL phosphate buffer solution,4.0,False
,,41,0,,,Capsule159,200mg,4.0,False
,,41,0,7.4.3.3,Valgancyclovir160,Tablet,450mg,5.0,False
,,41,0,PFOL,50mg/mL,5,,,False
,,42,0,7.4.4 Antihepatitis Medicines,,,,,False
,,42,0,7.4.4.1 Medicines for Hepatitis B Medicines for Hepatitis B treatment should only be used under close supervision of a specialist.,,,,,False
,,42,0,7.4.4.1.1 Nucleoside/Nucleotide reverse transcriptase inhibitors,,,,,False
,,42,0,7.4.4.1.1.1,Entecavir161,Oral liquid,0.05mg/mL,5.0,False
,,42,0,,,Tablet,0.5mg,4.0,False
,,42,0,7.4.4.1.1.2,Lamivudine (3TC),Tablet,150mg,4.0,False
,,42,0,,,Oral liquid,50mg/5mL,5.0,False
,,42,0,7.4.4.1.1.3,Tenofovir Alafenamide (TAF),Tablet,25mg,4.0,False
,,42,0,7.4.4.1.1.4,Tenofovir disoproxil fumarate (TDF)162,Tablet,300mg,4.0,False
,,42,0,7.4.4.2 Medicines for Hepatitis C,,,,,False
,,42,0,7.4.4.2.1 non-pangenotypic direct-acting antiviral combinations,,,,,False
,,42,0,7.4.4.2.1.1,Ledipasvir + Sofosbuvir,Tablet,90mg + 400mg,5.0,False
,,42,0,7.4.4.2.2 Pangenotypic direct-acting antiviral combinations,,,,,False
,,42,0,7.4.4.2.2.1,Sofosbuvir+Velpatasvir,Tablet,400mg + 100mg,5.0,False
,,42,0,7.5 Antiprotozoal medicines,,,,,False
,,42,0,7.5.1 Antiamoebic and antigiardiasis medicines,,,,,False
,,42,0,7.5.1.1,Diloxanide163,Tablet,500mg (as furoate),2.0,False
,,42,0,7.5.1.2,Diloxanide furoate + Metronidazole164,Oral liquid,250mg + 200mg,2.0,False
,,42,0,,,Tablet,500mg + 400mg,2.0,False
,,42,0,7.5.1.3,Metronidazole,Injection,500mg/100mL vial,3.0,False
,,42,0,Oral liquid,200mg/5mL (as benzoate),2,,,False
,,42,0,Tablet,400mg (scored),2,,,False
,,43,0,7.5.1.4,Tinidazole165,Tablet (f/c),250mg,2.0,False
,,43,0,,,500mg,2,,False
,,43,0,7.5.2 Antileishmaniasis Medicines,,,,,False
,,43,0,7.5.2.1,Amphotericin B166,Injection,(Liposomal) 50mg vial,4.0,False
,,43,0,7.5.2.2,Paromomycin167,Injection solution (IM),375mg/mL (as sulphate) (2mL amp),4.0,False
,,43,0,7.5.2.3,Sodium stibogluconate168,Injection,100mg/mL (100mL amp),4.0,False
,,43,0,7.5.3 Antimalarial medicines,,,,,False
,,43,0,7.5.3.1 For curative treatment Medicines for the treatment of P. falciparum malaria cases should be used in combination according to treatment guidelines.,,,,,False
,,43,0,7.5.3.1.1,Artemether169,"Injection (oily, IM)",80mg/mL in 1mL amp,2.0,False
,,43,0,7.5.3.1.2,Artemether+ lumefantrine (AL),Tablet,20mg + 120mg170,1.0,False
,,43,0,,Tablet (dispersible)171,20mg + 120mg [c],1,,False
,,43,0,7.5.3.1.3,Artesunate,Injection (IM/IV)172,30mg vial,2.0,False
,,43,0,,,60mg vial,2,,False
,,43,0,,Suppository,100mg,1,,False
,,43,0,7.5.3.1.4,Artesunate + Pyronaridine tetraphosphate173,Tablet (f/c),60mg + 180mg,2.0,False
,,43,0,Granules for oral suspension,20mg + 60mg [c],2,,,False
,,44,0,7.5.3.1.5,Dihydroartemisinin + Piperaquine (DHA-PPQ)174,Tablet,20mg + 160mg,3.0,False
,,44,0,,Tablet (scored),40mg + 320mg,3,,False
,,44,0,7.5.3.1.6,Doxycycline175,Capsule,100mg (as HCl or hyclate),2.0,False
,,44,0,7.5.3.1.7,Primaquine176,Tablet,7.5mg (as diphosphate),3.0,False
,,44,0,,,15mg (as diphosphate),3,,False
,,44,0,7.5.3.1.8,Quinine,Injection177,300mg/mL (as HCl) (2mL amp),3.0,False
,,44,0,,Tablet (f/c)178,300mg (as sulphate or bisulphate),2,,False
,,44,0,7.5.3.2 For Prophylaxis,,,,,False
,,44,0,7.5.3.2.1,Atovaquone + Proguanil179,Tablet (f/c),62.5mg (as HCl) + 25mg,4.0,False
,,44,0,,,250mg (as HCl) + 100mg,4,,False
,,44,0,7.5.3.2.2,Doxycycline180,Capsule,100mg (as HCl),2.0,False
,,44,0,7.5.3.2.3,Mefloquine181,Tablet,250mg (as HCl),4.0,False
,,44,0,7.5.3.2.4,Proguanil182,Tablet,100mg (as HCl),2.0,False
,,44,0,7.5.3.2.5,Sulfadoxine + Pyrimethamine183,Tablet,500mg + 25mg,2.0,False
,,45,0,7.5.4 Antipneumocystosis & Antitoxoplasmosis Medicines,,,,,False
,,45,0,7.5.4.1,Cotrimoxazole (Sulfamethoxazole + Trimethoprim),Injection,96mg/mL (5mL amp),4.0,False
,,45,0,,,Oral liquid,240mg/5mL [c],4.0,False
,,45,0,,,Tablet (scored),800mg + 160mg,4.0,False
,,45,0,7.5.4.2,Pyrimethamine184,Tablet,25mg,4.0,False
,,45,0,7.5.4.3,Sulfadiazine185,Tablet,500mg,4.0,False
,,45,0,7.5.5 Antitrypanosomal medicines,,,,,False
,,45,0,7.5.5.1 Human African Trypanosomiasis,,,,,False
,,45,0,7.5.5.1.1 Medicines for the treatment of 1st stage Human African trypanosomiasis,,,,,False
,,45,0,7.5.5.1.1.1,Pentamidine isethionate186,PFI,200mg (as isetionate) vial,4.0,False
,,45,0,7.5.5.1.1.2,Suramin sodium187,PFI,1g vial,4.0,False
,,45,0,7.5.5.1.2 Medicines for the treatment of 2nd stage Human African trypanosomiasis,,,,,False
,,45,0,7.5.5.1.2.1,Eflornithine188,Injection,200mg (as HCl)/ mL in 100mL bottle,4.0,False
,,45,0,7.5.5.1.2.2,Melarsoprol,Injection,"3.6% solution (180mg), 5mL amp",4.0,False
,,45,0,7.5.5.1.2.3,Nifurtimox189,Tablet,120mg,4.0,False
,,45,0,7.6 Medicines for ectoparasitic infections190,,,,,False
,,45,0,7.6.1,Ivermectin,Tablet (scored),3mg,3.0,False
,,45,0,8 ANTIMIGRAINE MEDICINES,,,,,False
,,45,0,8.1 For treatment of Acute Attack,,,,,False
,,45,0,8.1.1,Acetylsalicylic acid (Aspirin),Tablet,300mg,2.0,False
,,46,0,8.1.2,Ibuprofen191,Tablet,200mg [c],2.0,False
,,46,0,8.1.3,Paracetamol,Tablet (scored),500mg,1.0,False
,,46,0,,,Oral liquid,120mg/5mL[c],1.0,False
,,46,0,8.1.4,Sumatriptan192,Tablet,25mg,5.0,False
,,46,0,,,,50mg,5.0,False
,,46,0,8.2 Prophylaxis,,,,,False
,,46,0,8.2.1,Propranolol193,Tablet,40mg (as HCl),4.0,False
,,46,0,8.2.2,Topiramate194,Tablet,25mg,5.0,False
,,46,0,,,,50mg,5.0,False
,,46,0,9 IMMUNOMODULATORS AND ANTINEOPLASTICS,,,,,False
,,46,0,9.1 Immunomodulators for non-malignant disease and supportive medicines,,,,,False
,,46,0,9.1.1,Antithymocyte globulin (ATG) (Equine)195,Injection,"50mg/mL, 5mL vial",6.0,False
,,46,0,9.1.2,Azathioprine,Tablet (scored),50mg,5.0,False
,,46,0,9.1.3,Basiliximab196,PFI,20mg,6.0,False
,,46,0,9.1.4,Cyclosporin197,Capsule,25mg,6.0,False
,,46,0,,,,100mg,6.0,False
,,46,0,,,Concentrate for injection198,50mg/mL in 1mL amp,6.0,False
,,46,0,9.1.5,Cyclophosphamide199,PFI,500mg vial,5.0,False
,,46,0,1g vial,5,,,,False
,,47,0,9.1.6,Everolimus200,Tablet,500 micrograms (or 0.5mg),5.0,False
,,47,0,9.1.7,Methylprednisolone,PFI,125mg (as sodium succinate),4.0,False
,,47,0,,,500mg (as sodium succinate),4,,False
,,47,0,9.1.8,Mycophenolic acid201,Tablet (e/c),180mg (as mycophenolate sodium),6.0,False
,,47,0,,,360mg (as mycophenolate sodium),6,,False
,,47,0,9.1.9,Mycophenolate mofetil202,Tablet,250mg,6.0,False
,,47,0,,,500mg,6,,False
,,47,0,9.1.10,Prednisolone,Tablet,5mg,5.0,False
,,47,0,,,20mg,5,,False
,,47,0,9.1.11,Rituximab203,Injection (IV),10mg/mL (10mL vial),6.0,False
,,47,0,,,10mg/mL (50mL vial),6,,False
,,47,0,9.1.12,Tacrolimus,Concentrate (for IV infusion),5mg/1mL amp,6.0,False
,,47,0,,Capsule,500 micrograms,6,,False
,,47,0,,,1mg,6,,False
,,47,0,,,5mg,6,,False
,,47,0,9.2 Antineoplastic and supportive medicines,,,,,False
,,47,0,9.2.1 Cytotoxic medicines,,,,,False
,,47,0,9.2.1.1,Arsenic trioxide204,Concentrate solution for Infusion,1mg/mL,6.0,False
,,47,0,9.2.1.2,Bendamustine205,Injection,100mg vial,5.0,False
,,48,0,9.2.1.3,Bleomycin206,PFI,15mg vial (as sulphate),5.0,False
,,48,0,9.2.1.4,Cabazitaxel207,Injection,60mg,5.0,False
,,48,0,9.2.1.5,Calcium folinate208,Injection,10mg/mL (5mL vial),5.0,False
,,48,0,,Injection,10mg/mL (30mL vial),5,,False
,,48,0,,Tablet,15mg,5,,False
,,48,0,9.2.1.6,Capecitabine209,Tablet,150mg,5.0,False
,,48,0,,,500mg,5,,False
,,48,0,9.2.1.7,Carboplatin210,Injection,10mg/mL (15mL vial),5.0,False
,,48,0,,,10mg/mL (45mL vial),5,,False
,,48,0,9.2.1.8,Chlorambucil211,Tablet,2mg,5.0,False
,,48,0,9.2.1.9,Cisplatin212,Injection,1mg/mL (50mL vial),5.0,False
,,48,0,9.2.1.10,Cyclophosphamide213,PFI,500mg vial,5.0,False
,,48,0,,,1g vial,5,,False
,,48,0,,Tablet,50mg,5,,False
,,48,0,9.2.1.11,Cytarabine214,PFI,100mg vial,5.0,False
,,48,0,,,1g vial,5,,False
,,48,0,9.2.1.12,Dacarbazine215,PFI,200mg vial (as citrate),5.0,False
,,49,0,9.2.1.13,Dactinomycin (Actinomycin D)216,PFI,500 micrograms vial,5.0,False
,,49,0,9.2.1.14,Daunorubicin217,PFI,20mg vial (as HCl),5.0,False
,,49,0,,,,50mg vial (as HCl),5.0,False
,,49,0,9.2.1.15,Docetaxel218,Injection (premixed),120mg vial,5.0,False
,,49,0,,,,80mg vial,5.0,False
,,49,0,9.2.1.16,Doxorubicin,PFI or Solution for Injection219,50mg vial (as HCl),5.0,False
,,49,0,9.2.1.17,Etoposide220,Capsule,50mg,5.0,False
,,49,0,,,,100mg,5.0,False
,,49,0,,,Injection,20mg/mL (5mL vial),5.0,False
,,49,0,9.2.1.18,Fluorouracil221,Injection,50mg/mL (5mL vial),5.0,False
,,49,0,9.2.1.19,Gemcitabine222,PFI,200mg vial,5.0,False
,,49,0,,,,1g vial,5.0,False
,,49,0,9.2.1.20,Hydroxycarbamide (Hydroxyurea)223,SODF,500mg,5.0,False
,,49,0,9.2.1.21,Ifosfamide + Mesna224,Injection,1g + 600mg,5.0,False
,,49,0,2g + 1200mg,5,,,,False
,,50,0,9.2.1.22,Irinotecan225,Injection,20mg/mL (2mL vial),5.0,False
,,50,0,,,,20mg/mL (5mL vial),5.0,False
,,50,0,9.2.1.23,L - Asparaginase226,PFI,"10,000 IU vial",5.0,False
,,50,0,9.2.1.24,Liposomal Doxorubicin (Pegylated)227,Solution for Injection,20mg vial,5.0,False
,,50,0,,,,50mg vial,5.0,False
,,50,0,9.2.1.25,Melphalan,Tablet228,2mg,5.0,False
,,50,0,,,PFI229,50mg vial,5.0,False
,,50,0,9.2.1.26,Mercaptopurine230,Tablet,50mg,5.0,False
,,50,0,9.2.1.27,Methotrexate231,PFI (preservative-free),25mg (as sodium salt)/mL (2mL vial),5.0,False
,,50,0,,,PFI (preservative-free),25mg (as sodium salt)/mL (20mL vial)232,5.0,False
,,50,0,,,Tablet,2.5mg (as sodium salt),5.0,False
,,50,0,,,,10mg,5.0,False
,,50,0,9.2.1.28,Mitomycin C233,Injection,10mg,5.0,False
,,50,0,9.2.1.29,Oxaliplatin234,Solution for Injection,2mg/mL (25mL vial),5.0,False
,,50,0,2mg/mL (50mL vial),5,,,,False
,,51,0,9.2.1.30,Paclitaxel235,Concentrate (for IV infusion),6mg/mL (5mL vial),5.0,False
,,51,0,,,6mg/mL (16.7mL vial),5,,False
,,51,0,,,6mg/mL (50mL vial),5,,False
,,51,0,9.2.1.31,Pegaspargase236,Injection,3750 Units/5mL vial,5.0,False
,,51,0,9.2.1.32,Pemetrexed,PFI or solution for injection,500mg,5.0,False
,,51,0,9.2.1.33,Procarbazine237,Capsule,50mg (as HCl),5.0,False
,,51,0,9.2.1.34,Temozolomide238,Capsule,100mg,5.0,False
,,51,0,,,20mg,5,,False
,,51,0,9.2.1.35,Tioguanine239,SODF,40mg [c],5.0,False
,,51,0,9.2.1.36,Topotecan240,Injection,2.5mg,5.0,False
,,51,0,9.2.1.37,Vinblastine241,Injection,1mg/mL (as sulphate) (10mL vial),5.0,False
,,51,0,9.2.1.38,Vincristine242,PFI or solution for injection,1mg/mL (as sulphate) vial,5.0,False
,,51,0,9.2.1.39,Vinorelbine243,Injection,10mg/mL (1mL vial),5.0,False
,,51,0,10mg/mL (5mL vial),5,,,,False
,,52,0,9.2.2 Targeted therapies,,,,,False
,,52,0,9.2.2.1,All-trans retinoid acid (ATRA)244,Capsule,10mg,5.0,False
,,52,0,9.2.2.2,Bevacizumab245,Injection,100mg,5.0,False
,,52,0,,,,400mg,5.0,False
,,52,0,9.2.2.3,Bortezomib246,PFI,3.5mg vial,5.0,False
,,52,0,9.2.2.4,Gefitinib247,Tablet,250mg,5.0,False
,,52,0,9.2.2.5,Ibrutinib248,Capsule,140mg,5.0,False
,,52,0,9.2.2.6,Imatinib249,Tablet,400mg (as mesylate),5.0,False
,,52,0,9.2.2.7,Nilotinib250,Capsule,200mg,5.0,False
,,52,0,9.2.2.8,Osimertinib251,Tablet,80mg,5.0,False
,,52,0,9.2.2.9,Palbociclib252,Tablet,125mg,5.0,False
,,52,0,,,,100mg,5.0,False
,,52,0,,,,75mg,5.0,False
,,52,0,9.2.2.10,Pazopanib253,Tablet,200mg,5.0,False
,,52,0,,,,400mg,5.0,False
,,52,0,9.2.2.11,Rituximab254,Injection (IV),10mg/mL (10mL vial),5.0,False
,,52,0,10mg/mL (50mL vial),5,,,,False
,,53,0,9.2.2.12,Sorafenib255,Capsule,200mg,5.0,False
,,53,0,9.2.2.13,Trastuzumab,PFI256,150mg vial,5.0,False
,,53,0,,,,440mg vial + diluent,5.0,False
,,53,0,,,Injection (Solution for subcutaneous injection)257,600mg,5.0,False
,,53,0,9.2.3 Immunomodulators,,,,,False
,,53,0,9.2.3.1,Filgrastim258,Injection (prefilled syringe),120 micrograms/0.2mL,5.0,False
,,53,0,,,,300 micrograms/0.5mL,5.0,False
,,53,0,9.2.3.2,Lenalidomide259,Capsule,10mg,5.0,False
,,53,0,,,,25mg,5.0,False
,,53,0,9.2.3.3,Peg-Filgrastim260,Injection (prefilled syringe),6mg/0.6mL,5.0,False
,,53,0,9.2.3.4,Pembrolizumab261,Injection,100mg/4mL,5.0,False
,,53,0,9.2.3.5,Thalidomide262,Capsule,100mg,5.0,False
,,53,0,9.2.4 Hormones and antihormones,,,,,False
,,53,0,9.2.4.1,Abiraterone263,Tablet,250mg,5.0,False
,,53,0,9.2.4.2,Anastrozole264,Tablet,1mg,5.0,False
,,54,0,9.2.4.3,Bicalutamide265,Tablet,50mg,5.0,False
,,54,0,9.2.4.4,Dexamethasone266,Injection,4mg/1mL amp (as sodium phosphate),5.0,False
,,54,0,,Tablet (scored),4mg,5,,False
,,54,0,9.2.4.5,Goserelin267,Implant (in syringe applicator),3.6mg (as acetate),5.0,False
,,54,0,,,,10.8mg (as acetate),5.0,False
,,54,0,9.2.4.6,Hydrocortisone268,PFI,100mg vial (as sodium succinate),5.0,False
,,54,0,9.2.4.7,Letrozole269,Tablet,2.5mg,5.0,False
,,54,0,9.2.4.8,Methylprednisolone270,PFI,500mg (as sodium succinate) [c],5.0,False
,,54,0,9.2.4.9,Octreotide271,Injection kit,20mg,5.0,False
,,54,0,9.2.4.10,Prednisolone272,Oral liquid,15mg/5 mL [c],5.0,False
,,54,0,,Tablet,5mg,5,,False
,,54,0,,,,20mg,5.0,False
,,54,0,9.2.4.11,Tamoxifen273,Tablet,20mg (as citrate),5.0,False
,,54,0,9.2.5 Supportive medicines,,,,,False
,,54,0,9.2.5.1,Allopurinol274,Tablet,100mg,5.0,False
,,54,0,,,,300mg,5.0,False
,,54,0,9.2.5.2,Febuxostat275,Tablet,40mg,4.0,False
,,55,0,9.2.5.3,Magnesium Sulphate276,Injection,4% (100mL vial),5.0,False
,,55,0,9.2.5.4,Mannitol277,Solution for Infusion,"20%, 500mL",5.0,False
,,55,0,9.2.5.5,Mesna278,Injection,100mg/mL (2mL amp),5.0,False
,,55,0,,,,100mg/mL (4mL amp),5.0,False
,,55,0,9.2.5.6,Rasburicase279,Injection,7.5mg/vial,5.0,False
,,55,0,9.2.5.7,Sodium hydrogen carbonate (Sodium bicarbonate)280,Injectable solution,8.4% (10mL amp),5.0,False
,,55,0,9.2.5.8,Zoledronic acid281,Concentrate solution for Infusion,800 micrograms/mL (in 5mL vial),5.0,False
,,55,0,10 ANTIPARKINSONISM MEDICINES,,,,,False
,,55,0,10.1,Benzhexol,Tablet,5mg (as HCl),2.0,False
,,55,0,10.2,Biperiden282,Injection,5mg (lactate) in 1mL amp,4.0,False
,,55,0,,,Tablet,2mg (hydrochloride).,4.0,False
,,55,0,10.3,Levodopa + Carbidopa,Tablet,100mg + 10mg,4.0,False
,,55,0,,,,250mg + 25mg,4.0,False
,,55,0,10.4,Pramipexole,Tablet (scored),180 micrograms base,4.0,False
,,55,0,,,,700 micrograms base,4.0,False
,,55,0,11 MEDICINES for ALZHEIMERâ€™S disease and DEMENTIA,,,,,False
,,55,0,11.1,Donepezil283,Tablet,5mg,4.0,False
,,55,0,10mg,4,,,,False
,,56,0,11.2,Memantine284,Tablet,5mg,4.0,False
,,56,0,11.3,Rivastigmine285,Capsule,1.5mg,5.0,False
,,56,0,12 MEDICINES affecting the BLOOD,,,,,False
,,56,0,12.1 Antianaemics,,,,,False
,,56,0,12.1.1,Darbepoetin alfa286,Injection,25 micrograms for subcutaneous injection,5.0,False
,,56,0,,,,40 micrograms for subcutaneous injection,5.0,False
,,56,0,12.1.2,Erythropoetin (alfa or beta) stimulating agents,Injection (prefilled syringe),"2,000 IU",4.0,False
,,56,0,12.1.3,Ferrous salt,Oral liquid (drops),25mg (iron as sulphate)/ mL,2.0,False
,,56,0,,,Tablet (f/c),60-65mg elemental iron,2.0,False
,,56,0,12.1.4,Ferrous salt + Folic acid287,Tablet,60-65mg elemental iron + 400mcg,2.0,False
,,56,0,12.1.5,Folic acid,Tablet,400 micrograms288,1.0,False
,,56,0,,,,5mg289,1.0,False
,,56,0,12.1.6,Hydroxocobalamin (Vit B12),Injection,"1mg/1mL amp (as HCl, acetate or sulphate)",4.0,False
,,56,0,12.1.7,Iron sucrose290,Injection,100mg,4.0,False
,,56,0,12.2 Medicines affecting coagulation,,,,,False
,,56,0,12.2.1 Coagulant medicines,,,,,False
,,56,0,12.2.1.1,Phytomenadione (Vit K1),Injection,10mg/mL (0.2mL) amp [c]291,2.0,False
,,56,0,10mg/mL (1mL amp),4,,,,False
,,57,0,12.2.1.2,Tranexamic acid,Injection,100mg/mL (5mL amp),2.0,False
,,57,0,,Tablet,500mg,4,,False
,,57,0,12.2.2 Anticoagulant medicines,,,,,False
,,57,0,12.2.2.1,Enoxaparin,Injection (prefilled and calibrated syringe),40mg/0.4mL,4.0,False
,,57,0,,,80mg/0.8mL,4,,False
,,57,0,12.2.2.2,Heparin sodium,Injection,"5,000 IU/mL (5mL vial)",4.0,False
,,57,0,12.2.2.3,Rivaroxaban292,Tablet,10mg,5.0,False
,,57,0,,,15mg,5,,False
,,57,0,,,20mg,5,,False
,,57,0,12.2.2.4,Warfarin293,Tablet (scored),1mg (as sodium salt),4.0,False
,,57,0,,,3mg (as sodium salt),4,,False
,,57,0,,,5mg (as sodium salt),4,,False
,,57,0,12.3 Other medicines for haemoglobinopathies,,,,,False
,,57,0,12.3.1,Deferasirox294,Tablet,100mg,4.0,False
,,57,0,,,400mg,4,,False
,,57,0,12.3.2,Deferoxamine mesilate295,PFI,500mg vial,4.0,False
,,57,0,12.3.3,Hydroxycarbamide (Hydroxyurea),Capsule,250mg,4.0,False
,,57,0,500mg,4,,,,False
,,57,0,Oral Solution296,100mg/45mL,4,,,False
,,58,0,13 BLOOD PRODUCTS of HUMAN ORIGIN and PLASMA SUBSTITUTES,,,,,False
,,58,0,13.1 Blood and Blood Components,,,,,False
,,58,0,13.1.1,Cryoprecipitate297,,,5.0,False
,,58,0,13.1.2,"Plasma, fresh-frozen",,,4.0,False
,,58,0,13.1.3,Platelets,,,4.0,False
,,58,0,13.1.4,Red blood cells,,,4.0,False
,,58,0,13.1.5,Whole blood,,,4.0,False
,,58,0,13.2 Plasma-derived Medicines,,,,,False
,,58,0,13.2.1 Human immunoglobulins,,,,,False
,,58,0,13.2.1.1,Anti-D immunoglobulin298,PFI + diluent,750 IU/mL (2mL vial),4.0,False
,,58,0,13.2.1.2,Anti-Hepatitis B immunoglobulin (HBIG)299,Injection,100 IU/mL,4.0,False
,,58,0,13.2.1.3,Anti-Rabies immunoglobulin300,Injection,200 IU/mL (5mL vial),2.0,False
,,58,0,13.2.1.4,Ant-Tetanus immunoglobulin301,Injection,1500 IU vial,4.0,False
,,58,0,13.2.1.5,Normal immunoglobulin302,Injection (IV),5% protein solution (100mL vial),5.0,False
,,58,0,,,10% protein solution (100mL vial),5,,False
,,58,0,13.2.2 Blood Coagulation Factors,,,,,False
,,58,0,13.2.2.1,Coagulation factor VIII,PFI (Extended half-life),250 IU vial,4.0,False
,,58,0,500 IU vial,4,,,,False
,,58,0,"1,000 IU vial",4,,,,False
,,58,0,"2,000 IU vial",4,,,,False
,,59,0,13.2.2.2,Coagulation factor IX,PFI (Extended half-life),250 IU/vial,4.0,False
,,59,0,,,,500 IU/vial,4.0,False
,,59,0,,,,"1,000 IU/vial",4.0,False
,,59,0,13.3 Plasma substitutes,,,,,False
,,59,0,13.3.1,Dextran- 70303,Solution,6%,4.0,False
,,59,0,13.3.2,Gelatin-based colloid304,Solution for Infusion,4%,4.0,False
,,59,0,13.3.3,Hydroxyethyl starch305,Solution for Infusion,6%,4.0,False
,,59,0,13.3.4,Human albumin infusion306,Solution,5%,4.0,False
,,59,0,,,,20%,4.0,False
,,59,0,13.3.5,Polygeline307,Infusion (IV),3.5% (500mL pack),4.0,False
,,59,0,14 CARDIOVASCULAR MEDICINES,,,,,False
,,59,0,14.1 Antianginal Medicines,,,,,False
,,59,0,14.1.1,Bisoprolol,Tablet,2.5mg,4.0,False
,,59,0,,,,5mg,4.0,False
,,59,0,14.1.2,Carvedilol,Tablet,3.125mg,4.0,False
,,59,0,,,,6.25mg,4.0,False
,,59,0,,,,12.5mg,4.0,False
,,59,0,,,,25mg,4.0,False
,,59,0,14.1.3,Glyceryl trinitrate,Tablet (sublingual),500 micrograms,4.0,False
,,59,0,,,Spray (sublingual),400micrograms/ dose,4.0,False
,,59,0,14.1.4,Isosorbide dinitrate,Tablet,20mg,4.0,False
,,59,0,Tablet (Sublingual),5mg,4,,,False
,,60,0,14.1.5,Trimetazidine,Tablet (m/r),35mg,4.0,False
,,60,0,14.2 Antiarrhythmic medicines,,,,,False
,,60,0,14.2.1,Adenosine308,Injection,6mg/2mL,6.0,False
,,60,0,14.2.2,Amiodarone,Injection309,50mg (as HCl)/mL in 3mL amp,5.0,False
,,60,0,,,Tablet310,100mg (as HCl),4.0,False
,,60,0,,,,200mg (as HCl),4.0,False
,,60,0,14.2.3,Atropine,Injection,1mg (as sulphate)/1mL amp,4.0,False
,,60,0,14.2.4,Bisoprolol,Tablet,2.5mg,4.0,False
,,60,0,,,,5mg,4.0,False
,,60,0,14.2.5,Carvedilol,Tablet,3.125mg,4.0,False
,,60,0,,,,6.25mg,4.0,False
,,60,0,,,,12.5mg,4.0,False
,,60,0,,,,25mg,4.0,False
,,60,0,14.2.6,Digoxin,Oral liquid311,50 micrograms/mL,4.0,False
,,60,0,,,Tablet,250 micrograms,4.0,False
,,60,0,,,,125 micrograms,4.0,False
,,60,0,14.2.7,Epinephrine (adrenaline)312,Injection,1mg/1mL amp,4.0,False
,,60,0,14.2.8,Lignocaine (Preservative free)313,Injection,200mg/10mL,5.0,False
,,60,0,14.2.9,Verapamil,Tablet (Immediate release),40mg (as HCl),4.0,False
,,60,0,Tablet (Modified release),120mg,4,,,False
,,61,0,14.3 Antihypertensive medicines,,,,,False
,,61,0,14.3.1 Angiotensin converting enzyme Inhibitors (ACEIs),,,,,False
,,61,0,14.3.1.1,Enalapril,Tablet (scored),5mg (as hydrogen maleate),3.0,False
,,61,0,,,,10mg (as hydrogen maleate),3.0,False
,,61,0,,,,20mg (as hydrogen maleate),3.0,False
,,61,0,14.3.2 Angiotensin Receptor Blockers (ARBs),,,,,False
,,61,0,14.3.2.1,Losartan,Tablet (f/c),50mg,3.0,False
,,61,0,14.3.2.2,Telmisartan,Tablet,40mg,4.0,False
,,61,0,,,,80mg,4.0,False
,,61,0,14.3.3 Beta Blockers (BBs),,,,,False
,,61,0,14.3.3.1,Bisoprolol,Tablet,2.5mg,4.0,False
,,61,0,,,,5mg,4.0,False
,,61,0,14.3.3.2,Labetalol,Injection314,5mg/mL (20mL amp),4.0,False
,,61,0,,,Tablet315,100mg,3.0,False
,,61,0,,,,200mg,3.0,False
,,61,0,14.3.3.3,Metoprolol,Tablet(e/r),25mg,3.0,False
,,61,0,,,,50mg,3.0,False
,,61,0,14.3.3.4,Nebivolol,Tablet,2.5mg,3.0,False
,,61,0,,,,5mg,3.0,False
,,61,0,14.3.4 Calcium channel Blockers (CCBs),,,,,False
,,61,0,14.3.4.1,Amlodipine,Tablet,5mg,3.0,False
,,61,0,10mg,3,,,,False
,,62,0,14.3.4.2,Nifedipine316,Tablet (s/r),20mg,3.0,False
,,62,0,14.3.5 Thiazide & Thiazide-like Diuretics,,,,,False
,,62,0,14.3.5.1,Chlorthalidone,Tablet,12.5mg,4.0,False
,,62,0,14.3.5.2,Hydrochlorothiazide (HCTZ),Tablet (scored),25mg,3.0,False
,,62,0,14.3.5.3,Indapamide,Tablet,1.5mg,4.0,False
,,62,0,14.3.6 Other anti-hypertensive agents,,,,,False
,,62,0,14.3.6.1 Centrally acting antihypertensive agents,,,,,False
,,62,0,14.3.6.1.1,Methyldopa317,Tablet,250mg,4.0,False
,,62,0,,,,500mg,4.0,False
,,62,0,14.3.6.2 Potassium sparing Diuretics,,,,,False
,,62,0,14.3.6.2.1,Spironolactone318,Tablet (scored),25mg,4.0,False
,,62,0,14.3.6.3 Vasodilators,,,,,False
,,62,0,14.3.6.3.1,Hydralazine,Injection319,20mg (as HCl),4.0,False
,,62,0,,,Tablet,25mg (as HCl),3.0,False
,,62,0,,,,50mg (as HCl),3.0,False
,,62,0,14.3.6.4 Alpha 1 Receptor Blockers,,,,,False
,,62,0,14.3.6.4.1,Doxazosin320,Tablet,2mg,4.0,False
,,62,0,14.3.6.4.2,Prazosin321,Capsule,500 micrograms,4.0,False
,,62,0,1mg,4,,,,False
,,62,0,5mg,4,,,,False
,,63,0,14.3.6.5 non-selective alpha adrenoceptor antagonist,,,,,False
,,63,0,14.3.6.5.1,Phenoxybenzamine322,Capsule,10mg,5.0,False
,,63,0,14.3.6.6 Others,,,,,False
,,63,0,14.3.6.6.1,Bosentan323,Tablet,62.5mg,4.0,False
,,63,0,14.3.6.6.2,Sildenafil324,Tablet,25mg,4.0,False
,,63,0,14.3.6.6.3,Tadalafil325,Tablet,20mg,4.0,False
,,63,0,14.3.7 Combination Antihypertensive medicines Fixed dose combination (FDC) drugs are recommended as they minimize toxicity and therefore side effects as well as improve adherence to treatment.,,,,,False
,,63,0,14.3.7.1,Amlodipine + Hydrochlorothiazide (HCTZ),Tablet,5mg + 12.5mg,3.0,False
,,63,0,14.3.7.2,Amlodipine + Indapamide,Tablet,5mg + 1.25mg,3.0,False
,,63,0,14.3.7.3,Lisinopril + Hydrochlorothiazide (HCTZ),Tablet,20mg + 12.5mg,3.0,False
,,63,0,14.3.7.4,Losartan + Hydrochlorothiazide (HCTZ),Tablet,50mg + 12.5mg,3.0,False
,,63,0,14.3.7.5,Perindopril + Amlodipine,Tablet,5mg + 5mg,3.0,False
,,63,0,,,,5mg + 10mg,5.0,False
,,63,0,14.3.7.6,Perindopril + Amlodipine + Indapamide,Tablet (Film-coated),5mg + 5mg + 1.25mg,4.0,False
,,63,0,,,,10mg + 10mg+ 2.5mg,4.0,False
,,63,0,14.3.7.5,Telmisartan + Amlodipine,Tablet,40mg + 5mg,3.0,False
,,63,0,14.3.7.6,Telmisartan+ Amlodipine+ Hydrochlorothiazide (HCTZ),Tablet,40mg + 5mg + 12.5mg,4.0,False
,,63,0,14.3.7.7,Telmisartan + Hydrochlorothiazide (HCTZ),Tablet,40mg + 12.5mg,3.0,False
,,63,0,80mg + 12.5mg,3,,,,False
,,64,0,14.4 Medicines used in Heart Failure,,,,,False
,,64,0,14.4.1,Bisoprolol,Tablet,2.5mg,4.0,False
,,64,0,,,,5mg,4.0,False
,,64,0,14.4.2,Carvedilol,Tablet,3.125mg,,False
,,64,0,,,,6.25mg,4.0,False
,,64,0,,,,12.5mg,4.0,False
,,64,0,,,,25mg,4.0,False
,,64,0,14.4.3,Digoxin,Oral liquid326,50 micrograms/mL,4.0,False
,,64,0,,,Tablet,125 micrograms,4.0,False
,,64,0,14.4.4,Dobutamine,Injection (solution),12.5mg/mL (20mL),5.0,False
,,64,0,14.4.5,Dopamine327,Injection,40mg/mL (as HCl) (5mL vial),5.0,False
,,64,0,14.4.6,Empagliflozin,Tablet,10mg,5.0,False
,,64,0,14.4.7,Enalapril,Tablet (scored),5mg (as hydrogen maleate),4.0,False
,,64,0,14.4.8,Eplerenone,Tablet,25mg,4.0,False
,,64,0,14.4.9,Furosemide,Injection,10mg/mL (2mL amp),4.0,False
,,64,0,,,Tablet (cross-scored)328,40mg,3.0,False
,,64,0,14.4.10,Hydralazine,Tablet,25mg (as HCl),4.0,False
,,64,0,,,,50mg (as HCl),4.0,False
,,64,0,14.4.11,Isosorbide dinitrate,Tablet,20mg,4.0,False
,,64,0,14.4.12,Ivabradine,Tablet (f/c),5mg,5.0,False
,,64,0,Tablet (f/c),7.5mg,5,,,False
,,65,0,14.4.13,Losartan,Tablet (f/c),50mg,4.0,False
,,65,0,14.4.14,Metolazone329,Tablet,5mg,5.0,False
,,65,0,14.4.15,Milrinone330,Injection (solution),1mg/mL (10mL),6.0,False
,,65,0,14.4.16,Nitroglycerin (NTG),Injection,2.5mg/mL (10mL) amp,5.0,False
,,65,0,14.4.17,Norepinephrine (Noradrenaline)331,Injection,1mg/mL,5.0,False
,,65,0,14.4.18,Sacubitril + Valsartan332,Tablet (f/c),24mg + 26mg,5.0,False
,,65,0,,,,48mg + 52mg,5.0,False
,,65,0,14.4.19,Spironolactone,Tablet (scored),25mg,4.0,False
,,65,0,14.4.20,Torsemide333,Tablet (scored),20mg,4.0,False
,,65,0,,,,10mg,4.0,False
,,65,0,14.5 Antithrombotic medicines,,,,,False
,,65,0,14.5.1 Anti-platelet medicines,,,,,False
,,65,0,14.5.1.1,Acetylsalicylic acid (Aspirin),Tablet,75mg,4.0,False
,,65,0,14.5.1.2,Clopidogrel,Tablet,75mg,4.0,False
,,65,0,14.5.1.3,Acetylsalicylic acid (Aspirin) + Clopidogrel,Tablet,75mg + 75mg,4.0,False
,,65,0,14.5.2 Thrombolytic medicines,,,,,False
,,65,0,14.5.2.1,Alteplase334,PFI,50mg,5.0,False
,,65,0,,,,100mg,5.0,False
,,65,0,14.5.2.2,Reteplase335,PFI,10 Units,5.0,False
,,66,0,14.5.2.3,Tenecteplase336,PFI with prefilled syringe with 10mL water for injection,50mg (10000IU),5.0,False
,,66,0,14.6 Lipid-lowering agents,,,,,False
,,66,0,14.6.1,Atorvastatin,Tablet,20mg,3.0,False
,,66,0,,,40mg,3,,False
,,66,0,,,80mg,3,,False
,,66,0,15 DERMATOLOGICAL MEDICINES (Topical),,,,,False
,,66,0,15.1 Antifungal medicines,,,,,False
,,66,0,15.1.1,Clotrimazole,Cream,1%,2.0,False
,,66,0,15.1.2,Miconazole,Cream,2% (as nitrate),3.0,False
,,66,0,15.1.3,Terbinafine337,Cream,1% (as HCl),4.0,False
,,66,0,15.2 Anti-infective medicines,,,,,False
,,66,0,15.2.1,Fusidic acid338,Ointment,2% (15g),4.0,False
,,66,0,15.2.2,Mupirocin339,Ointment,2% (15g),4.0,False
,,66,0,15.2.3,Silver sulphadiazine340,Cream,1% (50g),2.0,False
,,66,0,,,1% (250g),2,,False
,,66,0,15.3 Anti-inflammatory and antipruritic medicines,,,,,False
,,66,0,15.3.1,Betamethasone341,Cream,0.1% (as valerate),4.0,False
,,66,0,,Ointment342,0.1% (as valerate),4,,False
,,66,0,15.3.2,Calamine,Lotion,15%,1.0,False
,,66,0,15.3.3,Clobetasone propionate,Ointment,0.05%,4.0,False
,,67,0,15.3.4,Crotamiton343,Cream,10% (30g),2.0,False
,,67,0,15.3.5,Hydrocortisone,Cream,1% (as acetate),3.0,False
,,67,0,,,Ointment,1% (as acetate),3.0,False
,,67,0,15.3.6,Mometasone344,Ointment,0.1% (as furoate) (30g),4.0,False
,,67,0,15.3.7,Tacrolimus345,Ointment,0.03% (as monohydrate) (10g),4.0,False
,,67,0,,,,0.1% (as monohydrate) (10g),4.0,False
,,67,0,15.4 Medicines affecting skin differentiation and proliferation,,,,,False
,,67,0,15.4.1,Benzoyl peroxide346,Gel,5% (30g),4.0,False
,,67,0,15.4.2,Dithranol347,Paste,2%,4.0,False
,,67,0,15.4.3,Podophyllin resin348,Solution,15% (in benzoin tincture) (15mL),3.0,False
,,67,0,15.4.4,Salicylic acid349,Ointment,3%,4.0,False
,,67,0,15.4.5,Tretinoin350,Cream,0.05%,4.0,False
,,67,0,15.5 Scabicides and pediculicides,,,,,False
,,67,0,15.5.1,Benzyl Benzoate351,Lotion,25% (50mL),2.0,False
,,67,0,15.5.2,Calamine,Lotion,15%,1.0,False
,,67,0,15.5.3,Crotamiton352,Cream,10% (30g),2.0,False
,,68,0,15.6 Medicines for Jiggers,,,,,False
,,68,0,15.6.1,Benzyl Benzoate353,Lotion,25% (50mL),2.0,False
,,68,0,15.6.2,White soft paraffin (Petroleum jelly)354,Topical application,100g,1.0,False
,,68,0,15.7 Sunscreen preparations,,,,,False
,,68,0,15.7.1,Sun screening agent(s)355,Cream or lotion,SPF 50+,1.0,False
,,68,0,16 DIAGNOSTIC AGENTS,,,,,False
,,68,0,16.1 Ophthalmic diagnostics,,,,,False
,,68,0,16.1.1,Fluorescein,Test strip,0.6mg,4.0,False
,,68,0,16.1.2,Tropicamide + Phenylephrine356,Eye drops,0.8% + 5% w/v,4.0,False
,,68,0,"16.2 Radiocontrast media A Health facility should have an equipped emergency tray in case of a reaction from any contrast media. All patient reactions to contrast media must be documented - using the pharmacovigilance forms provided with the product by the manufacturer. The health facility should also maintain a register for the same. The register should capture: Unique patient identifier; 3 patient names; Hospital name; Examination number; contrast agent name and formulation; dose amount; date, time & method of administration; injection site; any adverse reactions; document type; renal function tests for serum creatinine and eGFR before examination (Ref. ACR manual on contrast media, ver 10.3, 2018).",,,,,False
,,68,0,16.2.1,Amidotrizoate357,Solution (oral and rectal use),370-420mg iodine/mL (as sodium or meglumine salt) (100mL),4.0,False
,,68,0,16.2.2,Barium sulphate,Suspension (aq),95% w/w concentration (1 litre),4.0,False
,,68,0,,,Paste (for oral or rectal use) 358,92% w/w concentration,4.0,False
,,68,0,16.2.3,Iso-osmolar contrast media359,Solution for IV injection/ infusion,320mg iodine/mL (100mL),4.0,False
,,69,0,16.2.4,Non-ionic low osmolar water- soluble iodinated contrast media360,Injection,300mg iodine/mL (50mL) [c]361,4.0,False
,,69,0,,,,300mg iodine/mL (100mL) [c]362,4.0,False
,,69,0,,,,350mg iodine/mL (50mL)363,4.0,False
,,69,0,,,,350mg iodine/mL (100mL)364,4.0,False
,,69,0,,,,"300mg iodine/mL (50mL) [For intrathecal, oral, intra-cavitary and intravenous use] [c]365",4.0,False
,,69,0,,,,"300mg iodine/mL (100mL) [For intrathecal, oral, intra-cavitary and intravenous use] [c]366",4.0,False
,,69,0,,,,"350mg iodine/mL (50ml) [For oral, intra-cavitary and intravenous use]367",4.0,False
,,69,0,,,,"350mg iodine/mL (100ml) [For oral, intra-cavitary and intravenous use]368",4.0,False
,,69,0,16.3 MRI contrast media Only a Radiologist should recommend use of Contrast media for MRI. Only use MRI Contrast media when necessary.,,,,,False
,,69,0,16.3.1,Gadobutrol,Injection (solution) (IV),1mmol/mL (7.5mL)369,4.0,False
,,69,0,,,,1mmol/mL (15mL)370,4.0,False
,,69,0,16.3.2,Gadodiamide,Injection (solution) (IV),0.5 mmol/mL (20mL)370,4.0,False
,,70,0,16.3.3,Gadopentate dimeglumine,Injection (solution) (IV),0.5 mmol/mL (10mL)371,4.0,False
,,70,0,,,0.5 mmol/mL (15mL)372,4,,False
,,70,0,17 DISINFECTANTS and ANTISEPTICS,,,,,False
,,70,0,17.1 Antiseptics,,,,,False
,,70,0,17.1.1,Chlorhexidine,Solution for dilution,5% (as gluconate/ digluconate),2.0,False
,,70,0,17.1.2,Ethanol,Solution,70% (denatured),2.0,False
,,70,0,17.1.3,Povidone iodine,Solution,10% (equiv. to Iodine 1%),2.0,False
,,70,0,17.2 Disinfectants,,,,,False
,,70,0,17.2.1,Alcohol-based hand rub,Solution,Isopropyl alcohol 75% (500mL dispenser),1.0,False
,,70,0,17.2.2,Glutaral372,Solution,2%,2.0,False
,,70,0,17.2.3,Sodium hypochlorite,Solution,4-6% chlorine373,1.0,False
,,70,0,18 DIURETICS,,,,,False
,,70,0,18.1,Amiloride,Tablet,5mg (as HCl),4.0,False
,,70,0,18.2,Furosemide374,Injection,10mg/mL (2mL amp),4.0,False
,,70,0,,,Oral liquid,20mg/5mL [c]375,4.0,False
,,70,0,,,Tablet (cross-scored),40mg,4.0,False
,,70,0,18.3,Hydrochlorothiazide (HCTZ),Tablet (scored),25mg,4.0,False
,,70,0,18.4,Mannitol,Injectable solution,20%,4.0,False
,,70,0,18.5,Metolazone,Tablet,5mg,5.0,False
,,70,0,18.6,Spironolactone376,Tablet (cross-scored),25mg,4.0,False
,,70,0,Tablet (scored),100mg,4,,,False
,,71,0,18.7,Torsemide,Tablet,10mg,4.0,False
,,71,0,,,20mg,4,,False
,,71,0,19 GASTROINTESTINAL MEDICINES,,,,,False
,,71,0,19.1 Antiulcer medicines,,,,,False
,,71,0,19.1.1,Lansoprazole,Tablet (dispersible),15mg [c]377,4.0,False
,,71,0,19.1.2,Omeprazole,PFI378,40mg (as sodium salt) vial,4.0,False
,,71,0,,,Capsule,20mg,3.0,False
,,71,0,19.1.3,Pantoprazole,Tablet (dispersible),20mg,3.0,False
,,71,0,,,Capsule,20mg,3.0,False
,,71,0,,,PFI,40mg,4.0,False
,,71,0,19.2 Antiemetics,,,,,False
,,71,0,19.2.1,Dexamethasone,Tablet,4mg,4.0,False
,,71,0,,,2mg,4,,False
,,71,0,,,0.5mg,4,,False
,,71,0,,,Injection,4mg/mL in 1mL amp as disodium phosphate salt,4.0,False
,,71,0,19.2.2,Domperidone379,Oral liquid,5mg/5mL,5.0,False
,,71,0,,,Tablet,10mg,3.0,False
,,71,0,19.2.3,Fosaprepitant380,Injection,150mg,5.0,False
,,71,0,19.2.4,Metoclopramide381,Injection,5mg/mL (2mL amp),2.0,False
,,71,0,Tablet,10mg,2,,,False
,,72,0,19.2.5,Olanzapine382,Tablet,5mg,5.0,False
,,72,0,19.2.6,Ondansetron383,Injection,2mg (as HCl)/mL (2mL amp),2.0,False
,,72,0,,,Oral liquid,4mg base/5mL [c]384,2.0,False
,,72,0,,,Tablet,4mg (as HCl),2.0,False
,,72,0,19.2.7,Palonosetron385,Injection,"0.05mg/mL, 5mL vial",4.0,False
,,72,0,19.3 Anti-inflammatory medicines,,,,,False
,,72,0,19.3.1,Mesalazine,Tablet (e/c),400mg,4.0,False
,,72,0,,,Suppository,1g,5.0,False
,,72,0,,,Enema,4g/60mL,5.0,False
,,72,0,19.3.2,Prednisolone,Tablet,5mg,4.0,False
,,72,0,19.4 Laxatives,,,,,False
,,72,0,19.4.1,Bisacodyl,Tablet,5mg,2.0,False
,,72,0,,,Suppository,5mg,2.0,False
,,72,0,19.4.2,Lactulose386,Oral liquid,3.1-3.7g/5mL,4.0,False
,,72,0,19.5 Medicines used in Diarrhoea and Oral Rehydration,,,,,False
,,72,0,19.5.1,Oral rehydration salts + Zinc sulphate,Co-pack (4 sachets + 10 Tablet (dispersible)),PFOL in sachet to make 500mL + 20mg Tablet [c],2.0,False
,,72,0,19.5.2,Oral rehydration salts (ORS),PFOL (to make 500mL),Sachet (WHO low- osmolarity formula),1.0,False
,,72,0,19.5.3,Rehydration solution for malnutrition (ReSoMal)387,PFOL (to make 1L),Sachet (42g) (WHO formula),4.0,False
,,72,0,19.6 Vasoconstrictor Medicines,,,,,False
,,72,0,19.6.1,Terlipressin388,Injection,1mg (as acetate) in 8.5ml solution,4.0,False
,,73,0,19.7 Medicines used for Ascites and GI bleeding,,,,,False
,,73,0,19.7.1,Propranolol,Tablet,20mg,4.0,False
,,73,0,,,,40mg,4.0,False
,,73,0,19.7.2,Spironolactone,Tablet,25mg,4.0,False
,,73,0,,,,100mg,4.0,False
,,73,0,20 MEDICINES for ENDOCRINE DISORDERS,,,,,False
,,73,0,20.1 Adrenal Hormones & Synthetic Substitutes,,,,,False
,,73,0,20.1.1,Fludrocortisone389,Tablet,100 micrograms (as acetate),4.0,False
,,73,0,20.1.2,Hydrocortisone390,Tablet,5mg,4.0,False
,,73,0,,,,20mg,4.0,False
,,73,0,,,Injection,100mg/vial,2.0,False
,,73,0,20.2 Androgens,,,,,False
,,73,0,20.2.1,Testosterone,Gel391,1%,4.0,False
,,73,0,,,Injection (oily)392,250mg (as enanthate)/1mL amp,4.0,False
,,73,0,20.3 Oestrogens,,,,,False
,,73,0,20.3.1,Conjugated Oestrogens,Tablet393,300 micrograms,4.0,False
,,73,0,,,Cream (Vaginal)394,0.625mg/g (30g),4.0,False
,,73,0,20.3.2,Estradiol395,Transdermal patch,0.1mg/day,4.0,False
,,73,0,20.4 Progestogens,,,,,False
,,73,0,20.4.1,Medroxyprogesterone396,Tablet,5mg (as acetate),4.0,False
,,74,0,20.5 Medicines for diabetes,,,,,False
,,74,0,20.5.1 Insulins,,,,,False
,,74,0,20.5.1.1,"Insulin, intermediate-acting (NPH)",Injection,100 IU/mL (10mL vial),4.0,False
,,74,0,20.5.1.2,"Insulin, long-acting, Detemir",Injection,100U/mL (10mL vial),4.0,False
,,74,0,,,,100 IU/mL (3 mL cartridge or prefilled pen),4.0,False
,,74,0,20.5.1.3,"Insulin, Long-acting (basal), Glargine",Injection,100 IU/mL (10mL vial),4.0,False
,,74,0,,,,100 IU/mL (3 mL cartridge or prefilled pen),4.0,False
,,74,0,20.5.1.4,"Insulin, Premixed (Short acting + Intermediate acting) (Human)397",Injection,100 IU/mL (10mL vial),4.0,False
,,74,0,,,,100 IU/mL (3mL prefilled pen),4.0,False
,,74,0,20.5.1.5,"Insulin, Premixed (Ultra short acting + Intermediate acting)398",Injection,100 IU/mL (10mL vial),4.0,False
,,74,0,,,,100 IU/mL (3mL prefilled pen),4.0,False
,,74,0,20.5.1.6,"Insulin, Short acting (Soluble / regular)",Injection,100 IU/mL (10mL vial),3.0,False
,,74,0,,,,100IU/mL (3mL penfill),3.0,False
,,74,0,20.5.1.7,"Insulin, Ultra short-acting (Rapid) (Insulin Lispro and Aspart)",Injection,100 IU/mL (10mL vial),4.0,False
,,74,0,,,,100IU/mL (3mL prefilled pen),4.0,False
,,74,0,20.5.2 Oral hypoglycaemic agents,,,,,False
,,74,0,20.5.2.1 Sulphonylureas,,,,,False
,,74,0,20.5.2.1.1,Gliclazide399,Tablet (m/r),30mg,3.0,False
,,74,0,,60mg,3,,,False
,,74,0,Tablet (i/r),40mg,3,,,False
,,74,0,80mg,3,,,,False
,,75,0,20.5.2.2 Biguanides,,,,,False
,,75,0,20.5.2.2.1,Metformin400,Tablet,500mg (as HCl),3.0,False
,,75,0,,,850mg (as HCl),3,,False
,,75,0,,,1gm (as HCl),3,,False
,,75,0,20.5.2.3 Thiazolidinediones,,,,,False
,,75,0,20.5.2.3.1,Pioglitazone401,Tablet,15mg,4.0,False
,,75,0,,,30mg,4,,False
,,75,0,20.5.2.4 DipeptidyIpeptidase (DPP)-4 inhibitors (Gliptins),,,,,False
,,75,0,20.5.2.4.1,Linagliptin402,Tablet (f/c),5mg,5.0,False
,,75,0,20.5.2.4.2,Sitagliptin403,Tablet,50mg,4.0,False
,,75,0,,,100mg,5,,False
,,75,0,20.5.2.5 SGLT-2 inhibitors,,,,,False
,,75,0,20.5.2.5.1,Empagliflozin404,Tablet,10mg,4.0,False
,,75,0,,,25mg,5,,False
,,75,0,20.5.2.6 Fixed Dose Combinations,,,,,False
,,75,0,20.5.2.6.1,Empagliflozin + Metformin,Tablet (i/r),12.5mg + 500mg,4.0,False
,,75,0,,,12.5mg + 1000mg,4,,False
,,75,0,,,5mg + 500mg,4,,False
,,75,0,,,5mg + 1000mg,4,,False
,,75,0,20.5.2.6.2,Pioglitazone + Metformin,Tablet,15mg + 500mg,4.0,False
,,75,0,15mg + 850mg,4,,,,False
,,76,0,20.5.2.6.3,Sitagliptin + Metformin,Tablet,50mg + 500mg,4.0,False
,,76,0,,,,50mg + 850mg,4.0,False
,,76,0,,,,50mg + 1000mg,4.0,False
,,76,0,20.6 Medicines for hypoglycaemia,,,,,False
,,76,0,20.6.1,Diazoxide405,Suspension,50mg/mL,4.0,False
,,76,0,20.6.2,Glucagon,injection,1mg/mL,4.0,False
,,76,0,20.7 Thyroid Hormones and Anti-thyroid Medicines,,,,,False
,,76,0,20.7.1,Carbimazole,Tablet,5mg,4.0,False
,,76,0,,,,10mg,4.0,False
,,76,0,20.7.2,Levothyroxine,Tablet,25 micrograms [c] (as sodium salt),4.0,False
,,76,0,,,,50 micrograms (as sodium salt),4.0,False
,,76,0,,,,100 micrograms (as sodium salt),4.0,False
,,76,0,20.7.3,Lugolâ€™s Iodine solution406,Solution,~130mg total iodine/mL,4.0,False
,,76,0,20.7.4,Propranolol407,Tablet (scored),40mg,4.0,False
,,76,0,20.7.5,Propylthiouracil408,Tablet,50mg,4.0,False
,,76,0,20.8 Medicines for Management of Hyperparathyroidism,,,,,False
,,76,0,20.8.1,Calcitriol (Vit D3)409,Capsule,250 micrograms,4.0,False
,,76,0,,,Injection,1 microgram/mL (1 mL),4.0,False
,,76,0,20.9 Other endocrine medicines,,,,,False
,,76,0,20.9.1,Cabergoline410,Tablet,0.5mg,4.0,False
,,77,0,20.9.2,Desmopressin,Injection411,4mcg/mL,5.0,False
,,77,0,,,Nasal spray412,10mcg/spray,5.0,False
,,77,0,20.9.3,Somatropin (recombinant human growth hormone)413,Prefilled pen,12mg,5.0,False
,,77,0,21 IMMUNOLOGICALS,,,,,False
,,77,0,21.1 Diagnostic agents,,,,,False
,,77,0,21.1.1,"Tuberculin, purified protein, derivative (PPD)414",Injection (solution),0.1mL vial (single dose),4.0,False
,,77,0,21.2 Sera and Immunoglobulins,,,,,False
,,77,0,21.2.1,Anti Snake venom immunoglobulin415,Injection (for IV infusion),Polyvalent serum (African) (10mL vial),4.0,False
,,77,0,21.3 Vaccines,,,,,False
,,77,0,Recommended for all,,,,,False
,,77,0,21.3.1,BCG vaccine (live attenuated),PFI + diluent,1mL vial (multi doses),2.0,False
,,77,0,21.3.2,DPT + HiB + Hep B vaccine (pentavalent)416,Injection (suspension),5mL vial (10 doses),2.0,False
,,77,0,21.3.3,Hepatitis B vaccine,Injection (suspension),Single dose vial,2.0,False
,,77,0,,,Injection (suspension),Multi dose vial,2.0,False
,,77,0,21.3.4,HPV vaccine (quadrivalent)417,Injection,Single or multi dose vial,2.0,False
,,77,0,21.3.5,Measles + Rubella vaccine (MR)418,PFI + diluent,5mL vial (10 doses),2.0,False
,,77,0,21.3.6,Pneumococcal vaccine (10-valent ads. conjugate),Injection (suspension),2mL vial (4 doses),2.0,False
,,78,0,21.3.7,Pneumococcal vaccine (13 valent or higher adsorbed conjugate)419,Injection (syringe),Single or multi dose vial,2.0,False
,,78,0,21.3.8,Polio vaccine (IPV),Injection,Multi dose vial,2.0,False
,,78,0,21.3.9,"Polio vaccine, oral (OPV) (live attenuated)",Oral drops,10mL vial (20 doses),2.0,False
,,78,0,21.3.10,Rotavirus vaccine420,Oral suspension,5 dose vial,2.0,False
,,78,0,21.3.11,Tetanus + Diphtheria (Td) vaccine421,Injection,10mL vial (20 doses),2.0,False
,,78,0,21.3.12,Tetanus + Diphtheria + Pertussis (Tdap) vaccine422,Injection,0.5mL (single dose),2.0,False
,,78,0,Recommended for some regions,,,,,False
,,78,0,21.3.13,"Yellow fever vaccine (live, attenuated)423",Injection,Single or multi dose vial,2.0,False
,,78,0,Recommended for some high-risk populations,,,,,False
,,78,0,21.3.14,Cholera vaccine,Oral suspension,1.5mL vial (single dose) - single dose vial,2.0,False
,,78,0,21.3.15,Hepatitis A vaccine,Injection,80 units (Paed),2.0,False
,,78,0,,,160 units (Adult),2,,False
,,78,0,21.3.16,Malaria vaccine424,Injection,1mL vial (2 doses),2.0,False
,,78,0,21.3.17,Meningococcal meningitis vaccine425,Injection,Single or multi dose,2.0,False
,,78,0,21.3.18,Rabies vaccine (cell culture),Injection,Single dose (Purified Verocell / Human diploid),2.0,False
,,78,0,21.3.19,Typhoid vaccine426,Injection (solution),Single or multi dose,2.0,False
,,78,0,Recommended for immunisation programmes with certain characteristics,,,,,False
,,78,0,21.3.20,Influenza vaccine (inactivated)427,Injection,0.5mL vial (single dose),2.0,False
,,79,0,22 OPHTHALMOLOGICAL PREPARATIONS,,,,,False
,,79,0,22.1 Anti-infective agents,,,,,False
,,79,0,22.1.1,Acyclovir428,Eye ointment,3%,4.0,False
,,79,0,22.1.2,Dexamethasone + Polymixin B sulphate + Neomycin sulphate429,Ointment,"1mg dexamethasone, 6000 IU polymixin B sulphate, 3500 IU neomycin sulphate",4.0,False
,,79,0,22.1.3,Erythromycin430,Eye ointment,0.5% [c],4.0,False
,,79,0,22.1.4,Gentamicin,Eye drops,0.3% (as sulphate) (10mL),2.0,False
,,79,0,22.1.5,Gentamicin + Dexamethasone431,Eye drops,0.3% + 0.1%,4.0,False
,,79,0,22.1.6,Moxifloxacin,Eye drops,0.5% (as HCL),5.0,False
,,79,0,22.1.7,Natamycin432,Eye drops,5%,5.0,False
,,79,0,22.1.8,Ofloxacin,Eye drops,0.3% (as sulphate),4.0,False
,,79,0,22.1.9,Ofloxacin + Dexamethasone,Solution (eye-drops),0.3 + 0.1%,4.0,False
,,79,0,22.1.10,Tetracycline,Eye ointment,1% (as HCl),1.0,False
,,79,0,22.1.11,Tobramycin,Solution (eye-drops),0.3% (as sulphate),3.0,False
,,79,0,22.1.12,Tobramycin + Dexamethasone,Solution (eye-drops),0.3 + 0.1%,4.0,False
,,79,0,22.1.13,Voriconazole,Powder for eye-drops,1% w/v(Lyophilized),5.0,False
,,79,0,22.2 Anti-inflammatory agents,,,,,False
,,79,0,22.2.1,Dexamethasone,Solution (eye-drops),0.1%,4.0,False
,,79,0,22.2.2,Fluorometholone433,Solution (eye-drops),0.1%,4.0,False
,,79,0,22.2.3,Ketorolac trometamol434,Solution (eye-drops),0.5%,4.0,False
,,80,0,22.2.4,Methylprednisolone435,PFI,1g vial (as sodium succinate),5.0,False
,,80,0,22.2.5,Prednisolone,Solution (eye-drops),1% (as acetate) (5mL),4.0,False
,,80,0,22.2.6,Triamcinolone436,Injection suspension,40mg/1mL amp (as acetonide or hexacetonide),5.0,False
,,80,0,22.3 Local Anaesthetics,,,,,False
,,80,0,22.3.1,Lignocaine437,Solution (eye-drops),2% (as HCL),4.0,False
,,80,0,22.3.2,Lignocaine + Epinephrine (Adrenaline),Solution (eye-drops),"Lignocaine 2% and Epinephrine (Adrenaline) 1:100,000 or1:200,000 (as HCl)",5.0,False
,,80,0,22.3.3,Proparacaine438,Solution (eye-drops),0.5% (as HCl),4.0,False
,,80,0,22.3.4,Tetracaine,Solution (eye-drops),0.5% (as HCl),4.0,False
,,80,0,22.4 Miotics and Anti-Glaucoma Medicines,,,,,False
,,80,0,22.4.1,Acetazolamide439,Tablet,250mg,4.0,False
,,80,0,22.4.2,Bimatoprost440,Solution (eye-drops),0.01%,4.0,False
,,80,0,,,,0.03%,4.0,False
,,80,0,22.4.3,Bimatoprost + Timolol,Solution (eye-drops),Bimatoprost 0.03% +Timolol 0.5%,4.0,False
,,80,0,22.4.4,Brimonidine + Timolol,Solution (eye-drops),Brimonidine 0.2% +Timolol 0.5%,5.0,False
,,80,0,22.4.5,Dorzolamide,Solution (eye-drops),2% (as HCl),4.0,False
,,80,0,22.4.6,Latanoprost,Solution (eye-drops),0.005%,4.0,False
,,80,0,22.4.7,Pilocarpine,Solution (eye-drops)441,4% (as HCl or nitrate),5.0,False
,,80,0,,2%,5,,,False
,,80,0,,1%,5,,,False
,,80,0,Injection442,0.5% w/v(as nitrate) vial,5,,,False
,,81,0,22.4.8,Timolol,Solution (eye-drops),0.5% (as hyd. maleate),4.0,False
,,81,0,22.5 Mydriatics,,,,,False
,,81,0,22.5.1,Atropine,Solution (eye-drops),0.1% (as sulphate) [c]443,4.0,False
,,81,0,,,0.5% (as sulphate),4,,False
,,81,0,22.5.2,Cyclopentolate444,Solution (eye-drops),1%,4.0,False
,,81,0,22.5.3,Tropicamide + phenylephrine445,Solution (eye-drops),0.8% + 5% w/v,4.0,False
,,81,0,22.6 Anti-vascular endothelial growth factor (VEGF) preparations,,,,,False
,,81,0,22.6.1,Aflibercept446,Injection,0.05mL (2mg vial),6.0,False
,,81,0,22.6.2,Bevacizumab447,Injection,25mg/mL (4mL vial),6.0,False
,,81,0,22.6.3,Ranibizumab448,Injection,6mg/mL (0.3mg vial),6.0,False
,,81,0,,,10mg/mL (0.5mg vial),6,,False
,,81,0,22.7 Anti-allergy medicines for the eye,,,,,False
,,81,0,22.7.1,Azelastine449,Solution (eye-drops),0.05%,3.0,False
,,81,0,22.7.2,Olopatadine450,Solution (eye-drops),0.1% (HCl),5.0,False
,,81,0,,,0.2% (HCl),5,,False
,,81,0,22.7.3,Sodium cromoglicate,Solution (eye-drops),2%,5.0,False
,,81,0,22.8 Other medicines for the eye,,,,,False
,,81,0,22.8.1,Hypertonic saline451,Solution (eye-drops),3%,5.0,False
,,81,0,22.8.2,Methyl cellulose452,Solution (eye-drops),0.3 - 1%,4.0,False
,,82,0,22.8.3,Polyacrylic acid453,Eye Gel,0.2%,4.0,False
,,82,0,22.8.4,Riboflavin454,Solution (eye-drops),0.1% with Dextran,5.0,False
,,82,0,,,Solution (eye-drops),0.1% without Dextran,5.0,False
,,82,0,22.8.5,Sodium Hyaluronate455,Solution (eye-drops),1% (preseverative free),4.0,False
,,82,0,22.8.6,Trypan blue456,Intracameral Solution,0.06%,5.0,False
,,82,0,23 MEDICINES for REPRODUCTIVE HEALTH and PERINATAL CARE,,,,,False
,,82,0,23.1 Contraceptives,,,,,False
,,82,0,23.1.1 Oral hormonal contraceptives,,,,,False
,,82,0,23.1.1.1,Ethinylestradiol + Levonorgestrel,Tablet,30 micrograms + 150 micrograms,2.0,False
,,82,0,23.1.1.2,Ethinylestradiol + Norethisterone,Tablet,35 micrograms + 1mg,2.0,False
,,82,0,23.1.1.3,Levonorgestrel457,Tablet,30 micrograms,2.0,False
,,82,0,For Emergency contraception,,,,,False
,,82,0,23.1.1.4,Levonorgestrel,Tablet,750 micrograms (pack of 2)458,2.0,False
,,82,0,,,,1.5mg,2.0,False
,,82,0,23.1.2 Injectable hormonal contraceptives,,,,,False
,,82,0,23.1.2.1,Medroxyprogesterone acetate (DMPA),Depot Injection (IM)459,150mg/1mL (prefilled syringe),2.0,False
,,82,0,,,Depot Injection (SC)460,104 mg/0.65 mL (prefilled syringe),2.0,False
,,82,0,23.1.3 Intrauterine devices (IUD),,,,,False
,,82,0,23.1.3.1,Copper-containing device461,,,2.0,False
,,82,0,23.1.3.2,Levonorgestrel (LNG)462,LNG-releasing Intrauterine system (LNG-IUS),Reservoir with 52mg,2.0,False
,,83,0,23.1.4 Contraceptive implants May be used at Level 1 (Community) in areas with community midwife services.,,,,,False
,,83,0,23.1.4.1,Etonorgestrel-releasing implant,Implant,68mg (1 rod),2.0,False
,,83,0,23.1.4.2,Levonorgestrel-releasing implant,Implant,150mg (2 x 75mg rods),2.0,False
,,83,0,23.2 Ovulation Inducers,,,,,False
,,83,0,23.2.1,Clomifene463,Tablet,50mg (as citrate),4.0,False
,,83,0,23.2.2,Human chorionic gonadotropin (HCG),Injection,"5,000 IU/vial",5.0,False
,,83,0,23.2.3,Human menopausal gonadotropin (HMG)464,Injection,75 IU,5.0,False
,,83,0,23.2.4,Letrozole,Tablets,2.5mg,4.0,False
,,83,0,23.3 Medicines for treatment of Endometriosis,,,,,False
,,83,0,23.3.1,Danazol,Capsule,50mg,4.0,False
,,83,0,23.3.2,Dienogest,Tablet,2mg,4.0,False
,,83,0,23.3.3,Goserelin,"Injection (depot, SC)",3.6mg (as acetate),4.0,False
,,83,0,23.3.4,Levonorgestrel (LNG),LNG-releasing Intrauterine system (LNG-IUS),Reservoir with 52mg,4.0,False
,,83,0,23.4 Medicines for treatment of Fibroids,,,,,False
,,83,0,23.4.1,Goserelin,"Injection (depot, SC)",3.6mg (as acetate),4.0,False
,,83,0,23.4.2,Leuprorelin (Leuprolide),"Injection (depot, SC)",3.75mg (as acetate),4.0,False
,,83,0,23.5 Medicines for treatment of Abnormal uterine bleeding,,,,,False
,,83,0,23.5.1,Norethisterone465,Tablet,5mg,4.0,False
,,83,0,23.6 Uterotonics (Medicines acting on the Uterus),,,,,False
,,83,0,23.6.1 Oxytocics,,,,,False
,,83,0,23.6.1.1,Carbetocin466,Injection (heat stable),100 micrograms/mL,2.0,False
,,83,0,23.6.1.2,Carboprost467,Injection,250 micrograms/mL (as tromethamine),2.0,False
,,84,0,23.6.1.3,Ergometrine468,Injection,500 micrograms/1mL (as hydrogen maleate) amp,2.0,False
,,84,0,23.6.1.4,Mifepristone + Misoprostol469,Tablet,Mifepristone 200mg (1 Tablet) and Misoprostol 200 micrograms (4 vaginal tablets) in Combi-pack,2.0,False
,,84,0,23.6.1.5,Misoprostol,Tablet,200 micrograms470,2.0,False
,,84,0,,Vaginal Tablet,25 micrograms471,2,,False
,,84,0,23.6.1.6,Oxytocin472,Injection,10 IU/1mL amp,2.0,False
,,84,0,23.6.1.7,Prostaglandin E2473,Vaginal Tablet,3mg,4.0,False
,,84,0,23.7 Anti-oxytocics (Tocolytics),,,,,False
,,84,0,23.7.1,Salbutamol,Injection474,500 micrograms (as sulphate)/mL (5mL amp),4.0,False
,,84,0,23.7.2,Terbutaline,Injection475,"0.5mg/mL, 1mL",4.0,False
,,84,0,,,"0.5mg/mL, 5mL",4,,False
,,84,0,23.8 Other medicines administered to the mother,,,,,False
,,84,0,23.8.1,Dexamethasone476,Injection,4mg (as disodium phosphate)/mL,4.0,False
,,84,0,23.8.2,Tranexamic acid477,Injection,100mg/mL (10mL amp),2.0,False
,,84,0,23.9 Medicines administered to the neonate [c],,,,,False
,,84,0,23.9.1,Caffeine citrate,Sterile solution for IV or oral use,20mg/mL [c]478,4.0,False
,,84,0,10mg/mL [c]479,4,,,,False
,,85,0,23.9.2,Chlorhexidine,Gel480,7.1% (as digluconate) (20 g tube) [c],2.0,False
,,85,0,23.9.3,Ibuprofen,Injection solution,5mg/mL (2mL amp) [c],5.0,False
,,85,0,23.9.4,Prostaglandin E2481,Injection solution,1mg/mL [c],5.0,False
,,85,0,23.9.5,Sildenafil482,PFOL,10mg/mL,5.0,False
,,85,0,23.9.6,Surfactant,Suspension for intratracheal instillation,25mg/mL [c]483,5.0,False
,,85,0,,,80mg/mL [c]484,5,,False
,,85,0,24 DIALYSIS SOLUTIONS Various dialysis solutions and systems are available and in use. Selection of the most appropriate presentations should be made by specialists.,,,,,False
,,85,0,24.1,Continuous ambulatory peritoneal dialysis solution (CAPD),Parenteral solution,Of appropriate composition,4.0,False
,,85,0,24.2,Haemodialysis solution,Parenteral solution,Of appropriate composition,4.0,False
,,85,0,25 MEDICINES for MENTAL and BEHAVIOURAL DISORDERS Most medicines in this category may affect performance of skilled tasks and driving. Patients should receive appropriate medicine use counselling.,,,,,False
,,85,0,25.1 Medicines used in Psychotic disorders,,,,,False
,,85,0,25.1.1,Aripiprazole485,Tablet,15mg,4.0,False
,,85,0,,,5mg,4,,False
,,85,0,25.1.2,Chlorpromazine,Injection,25mg (as HCl)/mL (2mL amp),2.0,False
,,85,0,,Tablet,50mg (as HCl)486,2,,False
,,85,0,,,100mg (as HCl),2,,False
,,85,0,25.1.3,Clozapine487,Tablet (scored),100mg,5.0,False
,,85,0,25.1.4,Flupentixol,"Injection (oily, depot)",20mg (as decanoate)/mL (2mL amp),4.0,False
,,85,0,25.1.5,Fluphenazine,"Injection (oily, depot)",25mg (as decanoate) /1mL amp,4.0,False
,,85,0,25.1.6,Haloperidol,Injection,5mg/1mL amp,4.0,False
,,85,0,Injection (oily),50mg/1mL amp,4,,,False
,,85,0,Tablet (scored),5mg,2,,,False
,,86,0,25.1.7,Midazolam488,Injection (IM),5mg/mL (3mL amp),4.0,False
,,86,0,25.1.8,Olanzapine489,PFI,10mg,5.0,False
,,86,0,,,Tablet,10mg,3.0,False
,,86,0,,,,5mg,3.0,False
,,86,0,,,Tablet (dispersible),10mg,3.0,False
,,86,0,25.1.9,Paliperidone palmitate490,Injection,75mg/mL,5.0,False
,,86,0,,,,100mg/mL,5.0,False
,,86,0,,,,150mg/mL,5.0,False
,,86,0,25.1.10,Quetiapine,"Tablet (i/r, scored)",100mg,4.0,False
,,86,0,,,,300mg,4.0,False
,,86,0,,,,200mg,4.0,False
,,86,0,,,Tablet (e/r),300mg,4.0,False
,,86,0,,,,200mg,4.0,False
,,86,0,25.1.11,Risperidone,Tablet (scored),2mg,3.0,False
,,86,0,25.1.12,Zuclopenthixol,Injection (aqua)491,100mg (as acetate)/mL (2mL amp),4.0,False
,,86,0,,,"Injection (oily, depot)492",200mg (as decanoate)/1mL amp,4.0,False
,,86,0,,,Oral drops493,20mg/mL (20mL),4.0,False
,,86,0,25.2 Medicines used in Mood disorders,,,,,False
,,86,0,25.2.1 Medicines used in Depressive disorders,,,,,False
,,86,0,25.2.1.1,Amitriptyline,Tablet,25mg (as HCl),2.0,False
,,86,0,25.2.1.2,Escitalopram494,Tablet,10mg,3.0,False
,,86,0,25.2.1.3,Fluoxetine,Tablet (scored),20mg (as HCl),3.0,False
,,86,0,25.2.1.4,Mirtazapine495,Tablet,15mg,5.0,False
,,87,0,25.2.1.5,Venlafaxine,Tablet,75mg,4.0,False
,,87,0,,,37.5mg,4,,False
,,87,0,25.2.2 Medicines used in bipolar disorders,,,,,False
,,87,0,25.2.2.1,Carbamazepin,Tablet (cross-scored),200mg,2.0,False
,,87,0,,Tablet (Controlled Release),200mg,4,,False
,,87,0,25.2.2.2,Divalproex sodium,Tablet,500mg,4.0,False
,,87,0,,,750mg,4,,False
,,87,0,25.2.2.3,Lamotrigine,Tablet,25mg,5.0,False
,,87,0,,,100mg,5,,False
,,87,0,,"Tablet, (chewable, dispersible)",25mg,5,,False
,,87,0,25.2.2.4,Lithium carbonate496,Tablet (scored),400mg,6.0,False
,,87,0,,Tablet (m/r),400mg,6,,False
,,87,0,25.2.2.5,Quetiapine,"Tablet (i/r, scored)",100mg,4.0,False
,,87,0,,,300mg,4,,False
,,87,0,,,200mg,4,,False
,,87,0,,Tablet (e/r),300mg,4,,False
,,87,0,,,200mg,4,,False
,,87,0,25.3 Medicines for Anxiety disorders,,,,,False
,,87,0,25.3.1,Alprazolam,Tablet,0.25mg,3.0,False
,,87,0,,,0.5mg,3,,False
,,87,0,25.3.2,Bromazepam497,Tablet (scored),3mg,4.0,False
,,87,0,25.3.3,Escitalopram,Tablet,10mg,3.0,False
,,87,0,25.3.4,Mirtazapine498,Tablet,15mg,5.0,False
,,87,0,25.3.5,Paroxetine,Tablet,20mg,4.0,False
,,87,0,25.3.6,Propranolol,Tablet,40mg,3.0,False
,,87,0,25.4 Medicines used in obsessive-compulsive disorders,,,,,False
,,87,0,25.4.1,Clomipramine,Capsule,25mg (as HCl),4.0,False
,,87,0,25.5 Medicines for Disorders due to Psychoactive Substance Abuse These products to be used under close supervision within substance dependency treatment programmes.,,,,,False
,,87,0,25.5.1,Acamprosate,Tablet,333mg,6.0,False
,,88,0,25.5.2,Vitamin B and C499,Injection (IV),Pair of amps. (2 x 5mL),4.0,False
,,88,0,25.5.3,Buprenorphine500,Tablet (sublingual),2mg (as HCl),4.0,False
,,88,0,,,8mg (as HCl),4,,False
,,88,0,25.5.4,Buprenorphine + Naloxone,Tablet (sublingual),2mg + 500 micrograms (both as HCl),4.0,False
,,88,0,,,8mg + 2mg (both as HCl),4,,False
,,88,0,25.5.5,Bupropion501,Tablet,150mg,4.0,False
,,88,0,25.5.6,Methadone502,Oral liquid,5mg/mL (as HCl) (concentrate),4.0,False
,,88,0,25.5.7,Naltrexone,Tablet503,50mg (as HCl),4.0,False
,,88,0,,"Injection (IM, suspension for extended release)504",380mg (as HCl),4,,False
,,88,0,,Implant505,765mg (as HCl),6,,False
,,88,0,25.5.8,Nicotine (NRT)506,Chewing gum,2mg,4.0,False
,,88,0,,,4mg,4,,False
,,88,0,,Transdermal patch507,7-21mg/24 hours,4,,False
,,88,0,25.6 Medicines used in attention deficit hyperactivity disorder (ADHD),,,,,False
,,88,0,25.6.1,Atomoxetine,Tablet,10mg,6.0,False
,,88,0,25.6.2,Methylphenidate508,Tablet,10mg,4.0,False
,,88,0,Tablet (e/r),18mg,4,,,False
,,88,0,27mg,5,,,,False
,,89,0,25.7 Medicines for sleep disorders,,,,,False
,,89,0,25.7.1,Melatonin509,Tablet (dispersible),4mg,2.0,False
,,89,0,,,,3mg,2.0,False
,,89,0,25.7.2,Zolpidem510,Tablet,10mg,4.0,False
,,89,0,26 MEDICINES acting on the RESPIRATORY TRACT,,,,,False
,,89,0,26.1 Antiasthmatic medicines and medicines for chronic obstructive pulmonary disease,,,,,False
,,89,0,26.1.1,Budesonide,Inhalation (aerosol),100 micrograms/dose (200 dose),4.0,False
,,89,0,,,,200 micrograms/dose (200 dose),4.0,False
,,89,0,26.1.2,Budesonide + Formoterol,Metered dose inhaler,100 micrograms + 6mg/ metered dose (120 dose),4.0,False
,,89,0,,,,200 micrograms + 6mg/ metered dose (120 dose),4.0,False
,,89,0,,,Dry powder inhaler,80 micrograms + 4.5mcg/ metered dose (120 dose),4.0,False
,,89,0,,,,160 micrograms + 4.5mcg/ metered dose (120 dose),4.0,False
,,89,0,26.1.3,Epinephrine (adrenaline),Injection,1mg/1mL amp511,2.0,False
,,89,0,26.1.4,Ipratropium bromide,Inhalation (aerosol),20 micrograms/metered dose (200 dose),4.0,False
,,89,0,,,Nebuliser solution,500 micrograms/2mL unit dose vial (isotonic),4.0,False
,,89,0,26.1.5,Montelukast,Tablet (chewable),5mg (as sodium salt)512,4.0,False
,,89,0,,,Tablet,10mg (as sodium salt),4.0,False
,,89,0,26.1.6,Salbutamol,Nebuliser solution,5mg/mL (as sulphate),2.0,False
,,89,0,26.1.7,Salbutamol + Beclomethasone513,Inhalation (aerosol),100 micrograms + 50 micrograms,3.0,False
,,89,0,26.1.8,Salbutamol + Ipratropium,Nebuliser solution,Salbutamol 2.5mg as sulphate + Ipratropium 500 micrograms as bromide in 2.5mL Amp,3.0,False
,,90,0,26.1.9,Tiotropium,Powder for inhalation in a Capsule514,18 micrograms / Capsule,4.0,False
,,90,0,,,Metered dose Inhaler,2.5 micrograms per actuation,4.0,False
,,90,0,26.2 Medicines for Idiopathic Pulmonary Fibrosis,,,,,False
,,90,0,26.2.1,Nintedanib,Capsule,150mg,6.0,False
,,90,0,26.2.2,Pirfenidone,Tablet,267mg,5.0,False
,,90,0,"27 EAR, NOSE and THROAT MEDICINES",,,,,False
,,90,0,27.1 Medicines for the Ear,,,,,False
,,90,0,27.1.1,Benzocaine + Chlorbutol + Paradichlorobenzene + Turpentine oil,Solution (ear drops),2.7% + 2% + 5% + 15%,3.0,False
,,90,0,27.1.2,Betahistine,Tablet,8mg,5.0,False
,,90,0,,,,16mg,5.0,False
,,90,0,27.1.3,Cinnarizine515,Tablet,25mg,5.0,False
,,90,0,27.1.4,Ciprofloxacin,Solution (ear drops),0.3% (as HCl),2.0,False
,,90,0,27.1.5,Ciprofloxacin + Dexamethasone,Solution (ear drops),0.3% (as HCl) + 0.1%,3.0,False
,,90,0,27.1.6,Clotrimazole,Solution (ear drops),1%,3.0,False
,,90,0,27.1.7,Hydrogen peroxide516,Solution (ear drops),3% (stabilised),2.0,False
,,90,0,27.2 Medicines for the Nose,,,,,False
,,90,0,27.2.1,Budesonide,Nasal spray,100 micrograms / metered dose [c],4.0,False
,,90,0,27.2.2,Fluticasone517,Nasal spray,27.5 micrograms (as propionate or furoate),5.0,False
,,90,0,27.2.3,Liquid paraffin,Nasal drops,100%,2.0,False
,,90,0,27.2.4,Neomycin + Betamethasone518,Solution (nasal drops),0.5% (as sulphate) + (0.1% as sodium phosphate),4.0,False
,,90,0,27.2.5,Sodium chloride,Solution (nasal drops),0.9%,2.0,False
,,90,0,27.2.6,Xylometazoline519,Nasal spray,0.05%,4.0,False
,,90,0,27.3 Medicines for the Throat and Mouth,,,,,False
,,90,0,27.3.1,Chlorhexidine520,Solution (mouthwash),0.2% (as gluconate/ digluconate),2.0,False
,,91,0,27.3.2,Lidocaine (Lignocaine)521,Spray,10mg/metered dose (actuation),4.0,False
,,91,0,28 MEDICINES for RHEUMATOLOGY,,,,,False
,,91,0,28.1 Medicines used to treat Gout,,,,,False
,,91,0,28.1.1,Allopurinol,Tablet,100mg,4.0,False
,,91,0,,,,300mg,4.0,False
,,91,0,28.1.2,Colchicine,Tablet,500 micrograms,4.0,False
,,91,0,28.1.3,Febuxostat522,Tablet,40mg,5.0,False
,,91,0,28.1.4,Probenecid523,Tablet,250mg,6.0,False
,,91,0,"28.2 Disease-modifying agents used in rheumatic disorders (DMARDs) and Immunosuppressants used in Rheumatology Prior to using biologic DMARDs, there is need to screen for TB, HIV and Hepatitis viruses. Where possible, vaccinate prior to use. Biologic DMARDs require cold chain storage and transport.",,,,,False
,,91,0,28.2.1,Abatacept524,PFI (IV),250mg,6.0,False
,,91,0,28.2.2,Adalimumab525,Injection,40mg/0.4mL,6.0,False
,,91,0,28.2.3,Azathioprine,Tablet,50mg,4.0,False
,,91,0,28.2.4,Baricitinib526,Tablet,2mg,6.0,False
,,91,0,28.2.5,Cyclosporin527,Capsule,25mg,6.0,False
,,91,0,,,,100mg,6.0,False
,,91,0,28.2.6,Etanercept,Injection,25mg vial528,6.0,False
,,91,0,,,,50mg vial529,6.0,False
,,91,0,28.2.7,Golimumab530,Injection (solution) (SC),50mg,6.0,False
,,91,0,28.2.8,Hydroxychloroquine531,Tablet,200mg (as sulphate),4.0,False
,,91,0,28.2.9,Infliximab532,PFI,100mg,6.0,False
,,92,0,28.2.10,Leflunomide533,Tablet,20mg,6.0,False
,,92,0,28.2.11,Methotrexate (MTX),Tablet534,2.5mg (as sodium salt),4.0,False
,,92,0,,,Injection (prefilled syringe)535,10mg/mL (0.4mL),4.0,False
,,92,0,,,,25mg/mL (0.4mL),4.0,False
,,92,0,28.2.12,Methylprednisolone,PFI,125mg (as sodium succinate),4.0,False
,,92,0,,,,500mg (as sodium succinate),4.0,False
,,92,0,28.2.13,Prednisolone,Tablet,5mg,5.0,False
,,92,0,,,,20mg,5.0,False
,,92,0,28.2.14,Rituximab536,Injection (IV),10mg/mL (10mL vial),6.0,False
,,92,0,,,,10mg/mL (50mL vial),6.0,False
,,92,0,28.2.15,Sulfasalazine (SSZ),Tablet,500mg,4.0,False
,,92,0,28.2.16,Tocilizumab537,(Solution for IV infusion),20mg/mL (4mL vial),6.0,False
,,92,0,,,"Injection, single use prefilled syringe for subcutaneous injection",162mg/0.9mL,6.0,False
,,92,0,28.2.17,Triamcinolone538,Injection (suspension),40mg/1mL amp (as acetonide or hexacetonide),5.0,False
,,92,0,28.3 Medicines for Juvenile joint diseases,,,,,False
,,92,0,28.3.1,Acetylsalicylic acid (Aspirin)539,Tablet (scored),300mg,4.0,False
,,92,0,28.3.2,Adalimumab540,Injection,40mg/0.4mL,6.0,False
,,92,0,28.3.3,Etanercept541,Injection,25mg vial,6.0,False
,,92,0,28.3.4,Methotrexate (MTX),Tablet542,2.5mg (as sodium salt),4.0,False
,,92,0,Injection (prefilled syringe)543,10mg/mL (0.4mL),4,,,False
,,92,0,25mg/mL (0.4mL),4,,,,False
,,93,0,28.3.5,Rituximab544,Injection (IV),10mg/mL (10mL vial),6.0,False
,,93,0,,,,10mg/mL (50mL vial),6.0,False
,,93,0,28.3.6,Tocilizumab545,Injection (solution for IV infusion),20mg/mL (4mL vial),6.0,False
,,93,0,,,"Injection, single use prefilled syringe for subcutaneous injection",162mg/0.9mL,6.0,False
,,93,0,28.3.7,Triamcinolone546,Injection (suspension),40mg/1mL amp (as acetonide or hexacetonide),6.0,False
,,93,0,29 MEDICINES for OSTEOPOROSIS,,,,,False
,,93,0,29.1,Alendronate,Tablet,70mg,4.0,False
,,93,0,29.2,Zoledronic acid,Injection,5mg (in 100mL),5.0,False
,,93,0,30 MEDICINES for WOUND CARE,,,,,False
,,93,0,30.1,Î²-Sitosterol547,Ointment,0.25% w/w (30gm),2.0,False
,,93,0,30.2,Collagenase clostridiopeptidase A + Proteases548,Ointment,1.2 units + 0.24 units (15g),2.0,False
,,93,0,30.3,Distilled water549,Liquid,500mL,2.0,False
,,93,0,30.4,Human Epidermal growth factor (recombinant)550,Gel (water-based),60 micrograms (15g),4.0,False
,,93,0,30.5,Human Platelet derived growth factor (recombinant),Gel (water-based),100 micrograms (15g),4.0,False
,,93,0,30.6,Metronidazole551,Gel,0.75% or 0.80%,4.0,False
,,93,0,30.7,Papain + Urea (Papain-urea topical)552,Ointment,"521,700 IU + 100mg (15g)",4.0,False
,,93,0,30.8,Silver ion553,Solution,0.01% (100mL),4.0,False
,,93,0,,,,0.01% (250mL),4.0,False
,,93,0,30.9,Silver sulphadiazine554,Cream,1% (50g),2.0,False
,,93,0,1% (250g),2,,,,False
,,94,0,30.10,Zinc Hyaluronate (zinc- hyaluronan),Gel (water-based),15g,2.0,False
,,94,0,"31 MEDICINES for correcting WATER, ELECTROLYTE and ACID-BASE DISTURBANCES",,,,,False
,,94,0,31.1 Oral,,,,,False
,,94,0,31.1.1,Calcium carbonate555,Tablet,500mg,4.0,False
,,94,0,31.1.2,Calcium Carbonate with Vitamin D,Tablet,Minimum Calcium 1000mg/600IU of vitamin D,4.0,False
,,94,0,31.1.3,Calcium polystyrene sulphonate556,Powder,15g sachet,4.0,False
,,94,0,31.1.4,Magnesium chloride557,Tablet,71.5mg (containing Calcium as carbonate 119mg per Tablet),4.0,False
,,94,0,31.1.5,Oral rehydration salts (ORS),PFOL (to make 500mL),Sachet (WHO low- osmolarity formula),1.0,False
,,94,0,31.1.6,Oral rehydration salts + Zinc sulphate,"Co-pack (4 sachets + 10 Tablets, (dispersible))",PFOL in sachet to make 500mL + 20mg Tablet [c],2.0,False
,,94,0,31.1.7,Potassium chloride558,Tablet (e/r),600mg,4.0,False
,,94,0,31.1.8,Rehydration solution for malnutrition (ReSoMal),PFOL (to make 1L),Sachet (42g) (WHO formula),4.0,False
,,94,0,31.1.9,Sevelamer559,Tablet,400mg,4.0,False
,,94,0,,,800mg,4,,False
,,94,0,31.1.10,Sodium acid phosphate560,Tablets (effervescent),1.936g (equiv. to phosphorus 500mg),4.0,False
,,94,0,31.1.11,Sodium chloride,Tablet,600mg,4.0,False
,,94,0,31.1.12,Sodium polystyrene sulphonate561,Powder,450g,4.0,False
,,94,0,31.1.13,Sodium hydrogen carbonate (Sodium bicarbonate)562,Tablet,1g,5.0,False
,,94,0,31.1.14,Tolvaptan563,Tablet,15mg,5.0,False
,,94,0,31.2 Parenteral,,,,,False
,,94,0,31.2.1,Calcium gluconate564,Injection,100mg/mL (10%) (10mL amp),4.0,False
,,95,0,31.2.2,Glucose,Injectable solution,5% (isotonic) (500mL infusion pack),2.0,False
,,95,0,,,,10% (hypertonic) (500mL infusion pack),2.0,False
,,95,0,,,,50% (hypertonic) (50mL amp)565,4.0,False
,,95,0,31.2.3,Glucose + Sodium chloride566,Injectable solution,5% + 0.9% [c],2.0,False
,,95,0,31.2.4,Potassium acid phosphate,Injection,13.6% w/v sterile aqueous solution,4.0,False
,,95,0,31.2.5,Potassium chloride,Injectable solution for dilution,15% (10mL amp)567,4.0,False
,,95,0,31.2.6,Sodium chloride,Injectable solution (infusion),0.45% (hypotonic) (500mL) [in collapsible bottle or Euro cap]568,4.0,False
,,95,0,,,,0.9% (isotonic) (500mL)569,2.0,False
,,95,0,,,,0.9% (isotonic) (100mL),2.0,False
,,95,0,,,,0.9% (isotonic) (250mL),2.0,False
,,95,0,,,,3% (hypertonic) (100mL amp)570,5.0,False
,,95,0,,,Injectable solution,30% (hypertonic) (10mL amp),5.0,False
,,95,0,31.2.7,Sodium hydrogen carbonate (Sodium bicarbonate),Injectable solution,8.4% (10mL amp)571,2.0,False
,,95,0,31.2.8,Sodium lactate compound (Hartmannâ€™s /Ringers lactate),Injectable solution (infusion),BP formula (500mL)572,2.0,False
,,95,0,31.2.9,Water for injection,Injection,10mL amp,2.0,False
,,96,0,32 VITAMINS and MINERALS,,,,,False
,,96,0,32.1,Ascorbic acid (Vit C)573,Tablet,50mg,2.0,False
,,96,0,,,250mg,2,,False
,,96,0,,,1g,2,,False
,,96,0,32.2,Calcitriol (Vit D3)574,Capsule,250 micrograms,4.0,False
,,96,0,,Injection,1 microgram/mL (1 mL),4,,False
,,96,0,32.3,Calcium carbonate575,Tablet (chewable),1.25g,4.0,False
,,96,0,,,500mg,4,,False
,,96,0,32.4,Calcium gluconate,Injection,100mg/mL (10%) (10mL amp),4.0,False
,,96,0,32.5,Cholecalciferol (Vit D3),Oral liquid (drops)576,400 IU/mL [c],4.0,False
,,96,0,,Injection (IM/Oral)577,"300,000 IU/1mL amp",4,,False
,,96,0,32.6,Ergocalciferol (Vit D2)578,Oral liquid,"250 micrograms (10,000 IU)/mL",4.0,False
,,96,0,,Tablet / Capsule,"250 micrograms (10,000 IU)",4,,False
,,96,0,,,"1.25mg (50,000 IU)",4,,False
,,96,0,32.7,Niacinamide579,Tablet,500mg,3.0,False
,,97,0,32.8,Omega 3 fatty acids580,Tablet / Capsule,1g,2.0,False
,,97,0,,Liquid,250mg to 500mg/100mL (100 to 200mL),2,,False
,,97,0,32.9,Pyridoxine (Vit B6),Tablet,25mg (as HCl)581,2.0,False
,,97,0,,Tablet (scored),50mg (as HCl)582,2,,False
,,97,0,32.10,Retinol (Vit A),Capsule,"50,000 IU (as palmitate)",2.0,False
,,97,0,,,"100,000 IU (as palmitate)",2,,False
,,97,0,,,"200,000 IU (as palmitate)",2,,False
,,97,0,32.11,Thiamine (Vit B1)583,Tablet,50mg (as HCl),4.0,False
,,97,0,32.12,Vitamins & Minerals Mix584,Powder,1g sachet [c],2.0,False
,,97,0,32.13,Vitamin B12 (Cobalamin),Tablet585,500 micrograms,3.0,False
,,97,0,Injection,"1mg/1mL amp (as HCl, acetate or sulphate)",4,,,False
,,98,0,32.14,Zinc sulphate586,Tablet (dispersible),20mg,2.0,False
,,98,0,33 PREPARATIONS for CLINICAL NUTRITION MANAGEMENT,,,,,False
,,98,0,33.1 Feeds for Special medical purposes,,,,,False
,,98,0,33.1.1 Parenteral feeds,,,,,False
,,98,0,33.1.1.1,Amino acids,Solution for IV infusion,21g amino acid + 12g glutamine per 100mL bottle587,4.0,False
,,98,0,,,,5-6% (100ml bottle) [c]588,4.0,False
,,98,0,,,,7% (500ml bottle)589,4.0,False
,,98,0,,,,8% (500ml bottle)590,4.0,False
,,98,0,,,,10% (500ml bottle)591,4.0,False
,,98,0,33.1.1.2,Combined amino acid and glucose formulation for central administration-two chamber bag for central admnistration592,Solution for IV infusion,1 litre,5.0,False
,,98,0,33.1.1.3,"Combined amino acid, glucose and lipids with medium chain Triglycerides (MCT) / Long chain Triglycerides (LCT) - Three Chamber Bag For Central Administration593",Solution for IV infusion,1 litre,5.0,False
,,98,0,,,,2 litres,5.0,False
,,98,0,33.1.1.4,"Combined amino acid, glucose, and lipids with medium chain Triglycerides (MCT) + Long chain Triglycerides (LCT) - three chamber bag for peripherial administration594",Solution for IV infusion,500mL,4.0,False
,,98,0,,,,1 Litre,4.0,False
,,98,0,,,,1.5 litre,4.0,False
,,98,0,,,,2 litres,4.0,False
,,98,0,33.1.1.5,Fat (lipid)595,Infusion (emulsion) (IV),20% (100mL) [c],4.0,False
,,98,0,20% (500mL),4,,,,False
,,99,0,33.1.1.6,Fat-soluble vitamins,"Solution for IV infusion, for infants and children596",10mL [c],4.0,False
,,99,0,,"Solution for IV infusion, adults597",10mL,4,,False
,,99,0,33.1.1.7,Trace elements,"Solution for IV infusion, Adult598",10mL,4.0,False
,,99,0,,"Solution for IV infusion, Paediatric599",10mL [c],4,,False
,,99,0,33.1.1.8,Water-soluble vitamins Containing Vitamin C and B-complex600,Solution for IV infusion,10mL,4.0,False
,,99,0,33.1.2 Enteral feeds - liquid formulations,,,,,False
,,99,0,33.1.2.1,High energy protein fat-free hydrolyzed feed601,Liquid,200mL,4.0,False
,,99,0,33.1.2.2,Nutritionally complete elemental hepatic formula with MCT for oral / tube feeding602,Liquid,200mL,4.0,False
,,99,0,,,500mL,4,,False
,,99,0,33.1.2.3,Nutritionally complete glutamine-enriched liquid formula603,Liquid,500mL,4.0,False
,,99,0,33.1.2.4,"Nutritionally complete High energy, high protein oral / tube feed604",Liquid,200mL,4.0,False
,,99,0,,,500mL,4,,False
,,99,0,33.1.2.5,Nutritionally complete hydrolysed feeds with MCT fibre-free605,Liquid,500mL,4.0,False
,,99,0,33.1.2.6,Nutritionally complete hypercaloric liquid formula feed606,Liquid,500mL,4.0,False
,,100,0,33.1.2.7,"Nutritionally complete, hypocaloric oral / tube feed liquid diet with fibre607",Liquid,200mL,4.0,False
,,100,0,,,,500mL,4.0,False
,,100,0,33.1.2.8,Nutritionally complete isocaloric liquid diet with fibre for oral / tube feeding608,Liquid,200mL,4.0,False
,,100,0,,,,500mL,4.0,False
,,100,0,,,,1000mL,4.0,False
,,100,0,33.1.2.9,Nutritionally complete isocaloric liquid diet fibre- free for oral / tube feeding609,Liquid,200mL,4.0,False
,,100,0,,,,500mL,4.0,False
,,100,0,,,,1000mL,4.0,False
,,100,0,33.1.2.10,Nutritionally complete Iso- caloric paediatric liquid diet for oral / tube feeding610,Liquid,200mL,4.0,False
,,100,0,,,,500mL,4.0,False
,,100,0,33.1.2.12,Nutritionally complete liquid low sodium formula611,Liquid,500mL,4.0,False
,,100,0,33.1.2.13,Nutritionally complete semi- elemental peptide-based formula for oral / tube feed612,Liquid,200mL,4.0,False
,,100,0,,,,500mL,4.0,False
,,100,0,33.1.3 Enteral feeds - powder formulations,,,,,False
,,100,0,33.1.3.1,Adult nutritionally complete isocaloric formula613,Powder,400g,4.0,False
,,100,0,33.1.3.2,Adult nutritionally complete elemental peptide formula614,Powder,20 to 30g sachet,4.0,False
,,100,0,33.1.3.3,Amino acids and Vitamin granules615,Powder,5 to 10g sachet,4.0,False
,,100,0,33.1.3.4,"High calorie, high protein formula",Powder616,200g,4.0,False
,,100,0,Diskettes617,200g,4,,,False
,,101,0,33.1.3.5,Hepatic formula rich in BCAA618,Powder,200g to 500g,4.0,False
,,101,0,,,Sachet,4,,False
,,101,0,33.1.3.6,Nutritionally complete low glycaemic index formula,Powder,50g sachet,4.0,False
,,101,0,33.1.3.7,Paediatric nutritionally complete isocaloric formula619,Powder,400g [c],4.0,False
,,101,0,33.1.3.8,Paediatric nutritionally complete peptide-based formula620,Powder,400g [c],4.0,False
,,101,0,33.1.3.9,Specialized Renal formula621,Powder,400g,4.0,False
,,101,0,33.1.3.10,Specialized Semi-elemental peptide formula622,Powder,400g,4.0,False
,,101,0,33.2 Nutrition Feeds for managing Severe acute malnutrition (SAM) and Moderate acute malnutrition (MAM),,,,,False
,,101,0,33.2.1,Fortified Blended Food (FBF),Flour,415kcal/100g (Sachet)623,2.0,False
,,101,0,,,435kcal/100g (Sachet)624,2,,False
,,101,0,,,450kcal/100g (Sachet)625,2,,False
,,101,0,,,"1,000 kcal/250g (Bag or Sachet)626",2,,False
,,101,0,33.2.2,Ready to use supplemental food (RUSF)627,Oral paste / bar / liquid / powder,Standard formula (minimum 350 Kcal/100g),2.0,False
,,101,0,33.2.3,Ready to use therapeutic food (RUTF)628,Oral paste / bar / liquid / powder,Standard formula (minimum 500 Kcal/100g),2.0,False
,,101,0,33.2.4,Therapeutic diet feed (F-75)629,PFOL (for approx. 600mL),Standard formula (102.5g sachet),4.0,False
,,101,0,PFOL,Standard formula (400g tin),4,,,False
,,102,0,33.2.5,Therapeutic diet feed (F-100)630,PFOL (for approx. 600mL),Standard formula (114g sachet),4.0,False
,,102,0,,PFOL,Standard formula (400g tin),4,,False
,,102,0,34 NUCLEAR MEDICINE (RADIOPHARMACEUTICALS) Radiopharmaceutical means pharmaceutical agent that when ready for use contains one or more radioactive isotopes.,,,,,False
,,102,0,34.1 Diagnostic Radiopharmaceuticals,,,,,False
,,102,0,34.1.1 Radiopharmaceuticals for planar and single photon emission computed tomography (SPECT) imaging Use in Single photon emission computed tomography (SPECT).,,,,,False
,,102,0,34.1.1.1,Technetium Tc- 99m (99m Tc) Succimer (Technetium Tc-99m Dimercaptosuccinic Acid (DMSA)631,"Injection, prepared from a non-radioactive succimer kit for radiolabelling with 99mTc prior to administration",,6.0,False
,,102,0,34.1.1.2,Hexamethyl propylene amine oxime (HMPAO) (Technetium- 99m exametazime)632,"Injection, prepared from a non- radioactive exametazine kit for radiolabelling with 99mTc prior to administration",,6.0,False
,,102,0,34.1.1.3,Iodine -123 (sodium iodide)633,Capsule (Oral),3.7MBq (100uCi),6.0,False
,,102,0,,,7.4MBq (200uCi),6,,False
,,102,0,,,14.8MBq (400uCi),6,,False
,,102,0,34.1.1.4,Iodine 131(sodium iodide)634,Capsule (Oral),0.33 MBq (9uCi),6.0,False
,,102,0,,,0.61MBq (16.5uCi),6,,False
,,102,0,,,1.11MBq (30uCi),6,,False
,,102,0,,,2.03MBq (55uCi),6,,False
,,102,0,,,3.7MBq (100uCi),6,,False
,,102,0,34.1.1.5,Mercaptoacetyltriglycine (MAG3) (Technetium -99m mertiatide)635,"Injection, prepared from a non-radioactive betiatide kit for radiolabelling with 99mTc prior to administration",,5.0,False
,,102,0,34.1.1.6,Methylene diphosphonate (MDP) (Technetium -99m medronate)636,"Injection, prepared from a non-radioactive medronate kit for radiolabeling with 99mTc prior to administration",,5.0,False
,,103,0,34.1.1.7,Molybdenum-99 / Technetium-99m radionuclide generator637,Radionuclide generator,"1, 2, 2.5, 3, 4, 4.5, 5, 6, 7.5, 10, 12.5, 15, 18, 20 Ci of 99Mo",5.0,False
,,103,0,34.1.1.8,Sesta methoxyisobutylisonitrile (sestamibi) (Technetium -99m Sestamibi)638,"Injection, prepared from a non-radioactive sestamibi kit for radiolabeling with 99mTc prior to administration",,5.0,False
,,103,0,34.1.1.9,Technetium - 99m disofenin (DISIDA)639,"Injection, prepared from a non-radioactive disofenin kit for radiolabelling with 99mTc prior to administration",,6.0,False
,,103,0,34.1.1.10,Technetium - 99m leucocytes640,Injection,,6.0,False
,,103,0,34.1.1.11,Technetium - 99m mebrofenin (BRIDA)641,"Injection, prepared from a non-radioactive mebrofenin kit for radiolabelling with 99mTc prior to administration",,5.0,False
,,103,0,34.1.1.12,Technetium-99m pentetate (DTPA)642,"Injection, Inhalation, prepared from a non-radioactive pentetate kit for radiolabelling with 99mTc prior to administration",,6.0,False
,,103,0,34.1.1.13,Technetium-99m sodium pertechnetate643,"Injection, eluted from approved 99Mo/99mTc radionuclide generator",,6.0,False
,,103,0,34.1.1.14,Technetium-99m sodium pertechnetate,"Precursor radiopharmaceutical, eluted from approved 99Mo/99mTc radionuclide generator",,6.0,False
,,103,0,34.1.2 Radiopharmaceuticals for Positron emission tomography (PET) Use in Positron emission tomography (PET).,,,,,False
,,103,0,34.1.2.1,[Fluorine-18] Prostate Specific Membrane Antigen (PSMA) 1007,,,6.0,False
,,103,0,34.1.2.2,Fluorodeoxyglucose (FDG) (Fluorine -18),Injection,0.74 â€“ 11.1 GBq (20 â€“ 300 mCi/mL),5.0,False
,,104,0,34.1.2.3,Gallium-68 oxodotreotide (dotatate),Injection,40 micrograms of oxodotreotide kit for radiolabeling with up to 1110 MBq (30 mCi) of [68Ga]GaCl2,6.0,False
,,104,0,34.1.2.4,Germanium-68 - Gallium-68 radionuclide generator,Radionuclide generator,0.74 â€“ 1.85 GBq,6.0,False
,,104,0,34.2 Therapeutic Radiopharmaceuticals,,,,,False
,,104,0,34.2.1,[Iodine-131] sodium iodide,Oral solution,5 mCi/mL,6.0,False
,,104,0,,,25 mCi/mL,6,,False
,,104,0,34.2.2,Lutetium-177 oxodotreotide (dotatate),Injection,370 MBq/mL (10 mCi/mL),6.0,False
,,104,0,35 MEDICINES for BENIGN PROSTATIC HYPERPLASIA (BPH),,,,,False
,,104,0,35.1,Finasteride,Tablet,5mg,4.0,False
,,104,0,35.2,Tamsulosin,Capsule,400 micrograms (as HCl),4.0,False
